rank,word,frequency
1,the,3630
2,and,1924
3,to,1861
4,he,1758
5,a,1691
6,harry,1327
7,of,1267
8,was,1186
9,it,1185
10,you,1035
11,s,1010
12,in,967
13,his,937
14,i,924
15,t,836
16,said,794
17,had,702
18,they,690
19,that,688
20,on,637
21,at,625
22,as,526
23,him,501
24,but,485
25,ron,429
26,with,416
27,all,398
28,what,384
29,out,375
30,up,371
31,hagrid,370
32,for,370
33,be,368
34,them,325
35,there,312
36,were,306
37,have,297
38,d,282
39,hermione,270
40,we,269
41,back,261
42,one,257
43,she,252
44,this,249
45,if,245
46,from,241
47,so,238
48,not,237
49,about,225
50,into,219
51,me,219
52,an,219
53,their,217
54,know,212
55,been,211
56,off,201
57,who,200
58,got,199
59,could,198
60,didn,198
61,no,196
62,get,194
63,like,194
64,down,182
65,professor,181
66,her,180
67,see,180
68,just,180
69,ve,179
70,when,178
71,is,175
72,don,173
73,snape,172
74,very,172
75,over,171
76,looked,169
77,do,168
78,now,166
79,then,165
80,ll,161
81,dumbledore,159
82,are,158
83,by,150
84,your,149
85,can,147
86,around,142
87,dudley,139
88,how,138
89,re,137
90,going,135
91,go,134
92,something,132
93,right,127
94,never,126
95,look,126
96,through,125
97,malfoy,123
98,m,123
99,think,123
100,uncle,122
101,time,120
102,yeh,120
103,neville,117
104,vernon,116
105,first,115
106,here,114
107,well,112
108,quirrell,112
109,more,111
110,only,111
111,looking,109
112,where,109
113,or,109
114,would,108
115,before,107
116,couldn,106
117,door,106
118,my,106
119,eyes,105
120,even,105
121,potter,104
122,two,103
123,too,101
124,again,101
125,mcgonagall,101
126,did,101
127,head,99
128,people,97
129,next,96
130,thought,96
131,come,95
132,way,94
133,face,93
134,told,93
135,than,93
136,still,92
137,good,91
138,room,91
139,other,90
140,will,89
141,which,89
142,though,86
143,gryffindor,86
144,boy,85
145,because,85
146,its,85
147,last,84
148,left,82
149,us,81
150,some,81
151,mr,81
152,stone,80
153,three,80
154,hogwarts,79
155,behind,79
156,ter,78
157,wasn,78
158,turned,77
159,house,77
160,much,76
161,came,75
162,heard,75
163,say,75
164,once,74
165,anything,74
166,want,74
167,really,73
168,let,72
169,seemed,72
170,great,72
171,long,71
172,went,71
173,toward,71
174,little,71
175,tell,70
176,away,70
177,yes,69
178,hand,69
179,found,69
180,suddenly,69
181,school,69
182,why,68
183,oh,68
184,after,68
185,bit,67
186,made,66
187,must,65
188,aunt,65
189,himself,65
190,trying,64
191,knew,64
192,took,63
193,wand,63
194,any,63
195,take,63
196,saw,63
197,tried,63
198,dark,62
199,put,61
200,ever,60
201,everyone,60
202,quidditch,60
203,while,60
204,asked,60
205,old,59
206,voice,59
207,day,59
208,wood,59
209,inside,59
210,petunia,58
211,open,57
212,nothing,57
213,black,57
214,cloak,57
215,dursley,56
216,another,56
217,keep,56
218,might,55
219,few,55
220,every,54
221,find,54
222,things,54
223,hadn,54
224,floor,53
225,seen,53
226,make,53
227,yer,53
228,front,52
229,wouldn,52
230,feet,52
231,years,52
232,filch,52
233,large,51
234,pulled,51
235,gone,50
236,slytherin,50
237,end,50
238,dursleys,50
239,felt,49
240,mind,49
241,thing,49
242,night,49
243,course,49
244,hall,49
245,started,49
246,magic,48
247,wizard,48
248,weasley,48
249,enough,48
250,name,47
251,almost,47
252,mirror,47
253,lot,47
254,air,47
255,moment,47
256,walked,46
257,wanted,46
258,fell,46
259,mrs,46
260,letter,46
261,until,45
262,stop,45
263,sat,45
264,bed,45
265,table,45
266,points,44
267,called,44
268,quickly,44
269,done,44
270,second,44
271,owl,44
272,high,44
273,past,44
274,should,44
275,saying,44
276,later,43
277,already,43
278,won,43
279,books,43
280,sure,43
281,o,42
282,read,42
283,always,41
284,yet,41
285,our,41
286,without,41
287,better,41
288,try,40
289,half,40
290,hat,40
291,remember,39
292,these,39
293,under,39
294,anyone,39
295,caught,39
296,life,39
297,percy,39
298,across,38
299,new,38
300,kept,38
301,else,38
302,onto,38
303,hair,38
304,being,38
305,voldemort,38
306,fire,37
307,year,37
308,stood,37
309,same,37
310,troll,37
311,four,37
312,full,37
313,man,37
314,nearly,37
315,gave,37
316,reached,37
317,father,36
318,madam,36
319,wall,36
320,outside,36
321,quite,36
322,dragon,36
323,forest,36
324,white,35
325,whispered,35
326,each,35
327,stared,35
328,broom,34
329,coming,34
330,best,34
331,top,34
332,side,34
333,own,34
334,doing,34
335,hands,34
336,mean,34
337,against,34
338,place,34
339,forward,34
340,ground,34
341,fred,34
342,peeves,33
343,whole,33
344,ask,33
345,silver,33
346,five,33
347,mother,33
348,standing,33
349,give,33
350,getting,33
351,train,33
352,both,32
353,hear,32
354,window,32
355,has,32
356,along,32
357,small,32
358,morning,32
359,sorry,31
360,green,31
361,anyway,31
362,someone,31
363,nose,31
364,happened,31
365,most,30
366,suppose,30
367,everything,30
368,hard,30
369,ten,30
370,george,30
371,corridor,30
372,minutes,30
373,red,30
374,fer,29
375,help,29
376,students,29
377,stopped,29
378,lost,29
379,noticed,29
380,shouted,29
381,funny,29
382,hundred,29
383,talking,29
384,family,29
385,team,29
386,dog,29
387,work,28
388,taken,28
389,trouble,28
390,flamel,28
391,big,28
392,gold,28
393,gringotts,28
394,need,28
395,bad,28
396,light,27
397,fluffy,27
398,many,27
399,norbert,27
400,broomstick,27
401,holding,26
402,robes,26
403,sitting,26
404,those,26
405,move,26
406,weren,26
407,sort,26
408,able,26
409,set,26
410,cold,26
411,sight,25
412,corner,25
413,world,25
414,snapped,25
415,christmas,25
416,round,25
417,heart,25
418,rest,25
419,straight,25
420,feeling,25
421,granger,25
422,use,25
423,goyle,24
424,catch,24
425,except,24
426,match,24
427,sir,24
428,week,24
429,famous,24
430,nice,24
431,stay,24
432,words,24
433,does,24
434,passed,24
435,cat,24
436,dead,24
437,giant,24
438,library,24
439,parents,24
440,book,24
441,class,23
442,either,23
443,somewhere,23
444,finally,23
445,empty,23
446,castle,23
447,please,23
448,blood,23
449,seven,23
450,strange,23
451,unicorn,23
452,twins,23
453,owls,23
454,charlie,23
455,common,23
456,arms,23
457,note,23
458,shut,23
459,staring,23
460,began,23
461,noise,22
462,reason,22
463,hope,22
464,cupboard,22
465,answer,22
466,rather,22
467,since,22
468,exactly,22
469,isn,22
470,haven,22
471,hardly,22
472,far,22
473,moved,22
474,held,22
475,muggle,22
476,believe,22
477,legs,22
478,between,22
479,glass,21
480,tonight,21
481,muttered,21
482,however,21
483,asleep,21
484,yeah,21
485,such,21
486,cup,21
487,crabbe,21
488,watched,21
489,knows,21
490,horrible,21
491,dropped,21
492,street,21
493,car,21
494,mouth,21
495,fat,21
496,pointed,21
497,forget,21
498,letters,21
499,send,21
500,talk,21
501,seamus,20
502,platform,20
503,gotten,20
504,speak,20
505,drive,20
506,bright,20
507,stupid,20
508,huge,20
509,start,20
510,feel,20
511,ronan,20
512,kill,20
513,ceiling,20
514,different,20
515,fast,20
516,slowly,20
517,flitwick,20
518,dear,20
519,followed,20
520,smiling,20
521,nine,20
522,together,20
523,game,20
524,idea,20
525,gasped,20
526,pale,20
527,alone,20
528,managed,20
529,wizards,20
530,close,19
531,pleased,19
532,spoke,19
533,word,19
534,waiting,19
535,met,19
536,third,19
537,thousand,19
538,call,19
539,firenze,19
540,safe,19
541,mom,19
542,opened,19
543,heads,19
544,turn,19
545,wait,19
546,run,19
547,stand,19
548,given,19
549,leave,19
550,muggles,19
551,watching,19
552,maybe,19
553,raised,19
554,hut,19
555,arm,19
556,ran,19
557,quaffle,19
558,taking,19
559,money,18
560,follow,18
561,er,18
562,perhaps,18
563,brought,18
564,fang,18
565,home,18
566,died,18
567,knocked,18
568,twelve,18
569,stepped,18
570,shook,18
571,leg,18
572,usual,18
573,snake,18
574,allowed,18
575,hufflepuff,18
576,cauldron,18
577,ollivander,18
578,sit,18
579,loudly,18
580,telling,18
581,neck,18
582,times,18
583,snitch,18
584,seat,18
585,sleep,18
586,watch,18
587,wrong,18
588,wearing,18
589,woman,18
590,making,18
591,play,18
592,sound,18
593,pointing,18
594,realized,17
595,sent,17
596,lucky,17
597,lay,17
598,number,17
599,sign,17
600,arrived,17
601,field,17
602,scar,17
603,sorcerer,17
604,chapter,17
605,listen,17
606,understand,17
607,threw,17
608,disappeared,17
609,fifty,17
610,pocket,17
611,forgotten,17
612,crowd,17
613,pain,17
614,clock,16
615,bet,16
616,showed,16
617,became,16
618,picked,16
619,instead,16
620,pair,16
621,bane,16
622,seem,16
623,used,16
624,walls,16
625,privet,16
626,chocolate,16
627,teachers,16
628,toad,16
629,gryffindors,16
630,mad,16
631,eleven,16
632,nimbus,16
633,dad,16
634,boys,16
635,ahead,16
636,terrible,16
637,near,16
638,important,16
639,pushed,16
640,meet,16
641,thinking,16
642,supposed,16
643,afternoon,16
644,above,16
645,nicolas,16
646,shop,16
647,ready,16
648,turning,16
649,seconds,15
650,piers,15
651,learn,15
652,twice,15
653,chamber,15
654,stuff,15
655,also,15
656,shoulder,15
657,having,15
658,deep,15
659,secret,15
660,breath,15
661,lamp,15
662,yelled,15
663,break,15
664,flying,15
665,body,15
666,ghost,15
667,potions,15
668,late,15
669,trees,15
670,doors,15
671,climbed,15
672,friends,15
673,minute,15
674,fact,15
675,free,15
676,glasses,15
677,others,15
678,today,15
679,silence,15
680,low,15
681,tree,15
682,wide,15
683,angry,15
684,themselves,15
685,thanks,15
686,six,14
687,fingers,14
688,guarding,14
689,p,14
690,aren,14
691,seeker,14
692,flew,14
693,thick,14
694,wild,14
695,sudden,14
696,sister,14
697,dragons,14
698,purple,14
699,questions,14
700,flint,14
701,mail,14
702,nasty,14
703,loud,14
704,evening,14
705,hour,14
706,nervous,14
707,tea,14
708,killed,14
709,yourself,14
710,swung,14
711,walking,14
712,portrait,14
713,spell,14
714,birthday,14
715,soon,14
716,jumped,14
717,tiny,14
718,hurried,14
719,true,14
720,tail,14
721,broken,14
722,point,14
723,running,14
724,turban,14
725,liked,14
726,hurt,14
727,scared,14
728,playing,14
729,slytherins,14
730,wondered,14
731,nearer,14
732,kitchen,14
733,pink,14
734,grounds,14
735,worse,14
736,london,14
737,invisibility,14
738,bent,14
739,matter,14
740,quietly,14
741,leapt,14
742,staircase,13
743,foot,13
744,norris,13
745,sky,13
746,shouldn,13
747,middle,13
748,quiet,13
749,several,13
750,show,13
751,worry,13
752,miss,13
753,teacher,13
754,upstairs,13
755,lose,13
756,die,13
757,ago,13
758,direction,13
759,ages,13
760,added,13
761,expect,13
762,bludgers,13
763,expelled,13
764,pomfrey,13
765,hedwig,13
766,scabbers,13
767,screamed,13
768,gray,13
769,hanging,13
770,practice,13
771,finished,13
772,somehow,13
773,paper,13
774,happy,13
775,anythin,13
776,apart,13
777,brooms,13
778,hit,13
779,ball,13
780,tower,13
781,faces,13
782,carefully,13
783,seized,13
784,smile,13
785,smiled,13
786,odd,13
787,cart,13
788,obviously,13
789,pile,13
790,eh,13
791,package,13
792,shaking,13
793,em,13
794,witch,12
795,albus,12
796,expected,12
797,real,12
798,crate,12
799,eye,12
800,hurry,12
801,line,12
802,dare,12
803,walk,12
804,appeared,12
805,wands,12
806,classroom,12
807,heavy,12
808,step,12
809,beard,12
810,closer,12
811,says,12
812,wondering,12
813,explain,12
814,hung,12
815,smell,12
816,rock,12
817,easy,12
818,path,12
819,bin,12
820,ears,12
821,tall,12
822,leaves,12
823,forehead,12
824,twenty,12
825,card,12
826,knees,12
827,pull,12
828,powerful,12
829,hole,12
830,case,12
831,hold,12
832,grabbed,12
833,griphook,12
834,possible,12
835,brothers,12
836,leaving,12
837,key,12
838,hooch,12
839,known,12
840,weasleys,12
841,sharp,12
842,buy,12
843,live,12
844,chess,12
845,ones,12
846,lying,12
847,blue,12
848,leaned,12
849,difficult,12
850,families,11
851,rose,11
852,station,11
853,edge,11
854,underneath,11
855,inches,11
856,decided,11
857,touch,11
858,fall,11
859,clearly,11
860,friend,11
861,broke,11
862,probably,11
863,lessons,11
864,furiously,11
865,burst,11
866,written,11
867,happen,11
868,dean,11
869,nervously,11
870,hundreds,11
871,although,11
872,am,11
873,coat,11
874,steal,11
875,rolled,11
876,magical,11
877,story,11
878,busy,11
879,days,11
880,least,11
881,usually,11
882,weeks,11
883,potters,11
884,horror,11
885,breakfast,11
886,landed,11
887,changed,11
888,keeper,11
889,none,11
890,crept,11
891,cried,11
892,worried,11
893,spotted,11
894,shot,11
895,hoping,11
896,racing,11
897,listening,11
898,ah,11
899,jordan,11
900,goblin,11
901,spent,11
902,bottle,11
903,food,11
904,goes,11
905,midnight,11
906,girl,11
907,nobody,11
908,keys,11
909,chance,11
910,glad,11
911,living,11
912,shock,11
913,clapped,11
914,save,10
915,doesn,10
916,storm,10
917,presents,10
918,luck,10
919,bought,10
920,hang,10
921,dream,10
922,dormitory,10
923,neither,10
924,woke,10
925,death,10
926,business,10
927,mistake,10
928,normal,10
929,sofa,10
930,windows,10
931,curse,10
932,knowing,10
933,dangerous,10
934,golden,10
935,throwing,10
936,headed,10
937,wonder,10
938,ice,10
939,stick,10
940,corridors,10
941,entrance,10
942,nodded,10
943,row,10
944,tomorrow,10
945,holidays,10
946,leaky,10
947,boat,10
948,young,10
949,plant,10
950,power,10
951,fear,10
952,draco,10
953,balls,10
954,brown,10
955,trapdoor,10
956,lady,10
957,sounded,10
958,starting,10
959,crash,10
960,bag,10
961,cross,10
962,stairs,10
963,pockets,10
964,prefect,10
965,indeed,10
966,vault,10
967,locked,10
968,surprise,10
969,eat,10
970,television,10
971,jerked,10
972,question,10
973,term,10
974,clearing,10
975,myself,10
976,size,10
977,less,10
978,waved,10
979,flat,10
980,remembered,10
981,carrying,10
982,carried,10
983,reminded,10
984,narrow,10
985,pulling,10
986,careful,10
987,egg,10
988,working,10
989,whether,10
990,hidden,10
991,ravenclaw,10
992,during,10
993,slipped,10
994,agreed,10
995,ear,10
996,joined,10
997,lee,10
998,interesting,10
999,unless,10
1000,barrier,10
1001,job,10
1002,sweater,10
1003,keeping,10
1004,realize,10
1005,chair,10
1006,earth,10
1007,lock,10
1008,invisible,10
1009,single,10
1010,halloween,10
1011,studying,10
1012,kind,10
1013,outta,10
1014,may,10
1015,bye,10
1016,baby,10
1017,thin,10
1018,learned,10
1019,umbrella,10
1020,opposite,9
1021,poor,9
1022,change,9
1023,parchment,9
1024,hated,9
1025,afraid,9
1026,needed,9
1027,drew,9
1028,fight,9
1029,drink,9
1030,teeth,9
1031,bludger,9
1032,facing,9
1033,piece,9
1034,quick,9
1035,giving,9
1036,pig,9
1037,stuck,9
1038,wake,9
1039,win,9
1040,footsteps,9
1041,laughed,9
1042,trunk,9
1043,following,9
1044,handed,9
1045,wind,9
1046,exams,9
1047,jump,9
1048,compartment,9
1049,lived,9
1050,fly,9
1051,bowed,9
1052,twin,9
1053,jus,9
1054,box,9
1055,water,9
1056,lead,9
1057,slid,9
1058,ordinary,9
1059,wing,9
1060,son,9
1061,silent,9
1062,baron,9
1063,wandering,9
1064,steps,9
1065,flavor,9
1066,bloody,9
1067,news,9
1068,frog,9
1069,pieces,9
1070,envelope,9
1071,gets,9
1072,tight,9
1073,relief,9
1074,lips,9
1075,knock,9
1076,thank,9
1077,noticing,9
1078,toilet,9
1079,study,9
1080,furious,9
1081,stands,9
1082,eating,9
1083,meant,9
1084,thirty,9
1085,stars,9
1086,covered,9
1087,potion,9
1088,rules,9
1089,parcel,9
1090,brother,9
1091,thirteen,9
1092,broomsticks,9
1093,longbottom,9
1094,whatever,9
1095,sometimes,8
1096,dinner,8
1097,snarled,8
1098,herself,8
1099,nostrils,8
1100,loads,8
1101,lit,8
1102,marble,8
1103,shows,8
1104,often,8
1105,simply,8
1106,awake,8
1107,sped,8
1108,sea,8
1109,desperate,8
1110,wanting,8
1111,damp,8
1112,houses,8
1113,warning,8
1114,sorting,8
1115,whisper,8
1116,warned,8
1117,diagon,8
1118,arts,8
1119,shake,8
1120,sighed,8
1121,hours,8
1122,seems,8
1123,asking,8
1124,drop,8
1125,marched,8
1126,notice,8
1127,cut,8
1128,waving,8
1129,dunno,8
1130,certainly,8
1131,forbidden,8
1132,force,8
1133,cheer,8
1134,handle,8
1135,figure,8
1136,figg,8
1137,teach,8
1138,stool,8
1139,chasers,8
1140,branches,8
1141,interested,8
1142,witches,8
1143,centaur,8
1144,wished,8
1145,led,8
1146,quarters,8
1147,mention,8
1148,terrified,8
1149,knocking,8
1150,passageway,8
1151,wooden,8
1152,alive,8
1153,alley,8
1154,reflection,8
1155,summer,8
1156,suggested,8
1157,bill,8
1158,clothes,8
1159,brilliant,8
1160,remembrall,8
1161,swallowed,8
1162,lots,8
1163,haired,8
1164,halfway,8
1165,breaking,8
1166,person,8
1167,chessmen,8
1168,moving,8
1169,gotta,8
1170,trembling,8
1171,worth,8
1172,excuse,8
1173,become,8
1174,grass,8
1175,crying,8
1176,king,8
1177,cry,8
1178,laughing,8
1179,knight,8
1180,frogs,8
1181,spot,8
1182,motorcycle,8
1183,twisted,8
1184,hate,8
1185,bottom,8
1186,rushed,8
1187,looks,8
1188,couple,8
1189,yours,8
1190,faded,8
1191,care,8
1192,faced,8
1193,fun,8
1194,truth,8
1195,worked,7
1196,boats,7
1197,underground,7
1198,binoculars,7
1199,attention,7
1200,murmured,7
1201,sweets,7
1202,hissed,7
1203,chuckled,7
1204,lemon,7
1205,swooped,7
1206,joke,7
1207,grunted,7
1208,guard,7
1209,bacon,7
1210,pressed,7
1211,shadows,7
1212,easily,7
1213,homework,7
1214,surprised,7
1215,reckon,7
1216,muttering,7
1217,clean,7
1218,ticket,7
1219,smelting,7
1220,kicked,7
1221,moon,7
1222,proud,7
1223,hiding,7
1224,touched,7
1225,silently,7
1226,dungeons,7
1227,charms,7
1228,quills,7
1229,wrapped,7
1230,higher,7
1231,thinks,7
1232,slightly,7
1233,growled,7
1234,ways,7
1235,uniform,7
1236,ministry,7
1237,eagerly,7
1238,shall,7
1239,slammed,7
1240,hot,7
1241,thousands,7
1242,piled,7
1243,cake,7
1244,sharply,7
1245,properly,7
1246,shocked,7
1247,list,7
1248,midair,7
1249,yesterday,7
1250,tears,7
1251,history,7
1252,entered,7
1253,anymore,7
1254,stayed,7
1255,wish,7
1256,newspaper,7
1257,lily,7
1258,passing,7
1259,sparks,7
1260,bottles,7
1261,goal,7
1262,harder,7
1263,feast,7
1264,somethin,7
1265,malkin,7
1266,feather,7
1267,roll,7
1268,angrily,7
1269,noses,7
1270,road,7
1271,particularly,7
1272,crossed,7
1273,saturday,7
1274,shoulders,7
1275,sounding,7
1276,ignored,7
1277,sprang,7
1278,safely,7
1279,waited,7
1280,notes,7
1281,solid,7
1282,erised,7
1283,trust,7
1284,visit,7
1285,goblins,7
1286,showing,7
1287,anywhere,7
1288,rubbish,7
1289,darkness,7
1290,club,7
1291,spells,7
1292,players,7
1293,zoo,7
1294,evil,7
1295,locker,7
1296,sick,7
1297,lesson,7
1298,clutching,7
1299,curious,7
1300,special,7
1301,clear,7
1302,flash,7
1303,girls,7
1304,howling,7
1305,welcome,7
1306,peered,7
1307,summat,7
1308,peering,7
1309,clicked,7
1310,snout,7
1311,dressed,7
1312,filled,7
1313,finding,7
1314,stranger,7
1315,fine,7
1316,means,7
1317,finnigan,7
1318,excellent,7
1319,packed,7
1320,strode,7
1321,brave,7
1322,wants,7
1323,shops,7
1324,armor,7
1325,seats,7
1326,needs,7
1327,gently,6
1328,planets,6
1329,lurking,6
1330,gettin,6
1331,yellow,6
1332,ghosts,6
1333,abou,6
1334,youngest,6
1335,shivered,6
1336,posts,6
1337,grab,6
1338,possession,6
1339,plates,6
1340,shooting,6
1341,drills,6
1342,lumpy,6
1343,platforms,6
1344,panted,6
1345,repeated,6
1346,fixed,6
1347,wonderful,6
1348,restricted,6
1349,emerald,6
1350,firs,6
1351,return,6
1352,patil,6
1353,rid,6
1354,fighting,6
1355,wizardry,6
1356,wizarding,6
1357,section,6
1358,favorite,6
1359,scarlet,6
1360,fallen,6
1361,rule,6
1362,hasn,6
1363,extra,6
1364,headless,6
1365,excitedly,6
1366,sausages,6
1367,exam,6
1368,everybody,6
1369,everywhere,6
1370,grown,6
1371,prefects,6
1372,backward,6
1373,garden,6
1374,drove,6
1375,gamekeeper,6
1376,pinned,6
1377,grin,6
1378,wrist,6
1379,b,6
1380,overhead,6
1381,afford,6
1382,hide,6
1383,shelves,6
1384,rang,6
1385,wherever,6
1386,rat,6
1387,perfect,6
1388,flute,6
1389,floating,6
1390,losing,6
1391,h,6
1392,relieved,6
1393,pack,6
1394,flames,6
1395,eight,6
1396,training,6
1397,cheering,6
1398,cheers,6
1399,tap,6
1400,chest,6
1401,below,6
1402,hospital,6
1403,stomach,6
1404,knuts,6
1405,soccer,6
1406,blew,6
1407,leading,6
1408,control,6
1409,c,6
1410,older,6
1411,tables,6
1412,nor,6
1413,vanished,6
1414,beneath,6
1415,computer,6
1416,soft,6
1417,breathing,6
1418,lake,6
1419,completely,6
1420,view,6
1421,crack,6
1422,lightning,6
1423,vol,6
1424,telephone,6
1425,courage,6
1426,smoke,6
1427,blankets,6
1428,desk,6
1429,moonlight,6
1430,tired,6
1431,delighted,6
1432,nah,6
1433,warm,6
1434,cause,6
1435,board,6
1436,human,6
1437,thrown,6
1438,cats,6
1439,mine,6
1440,lie,6
1441,difference,6
1442,imagine,6
1443,darkly,6
1444,mustache,6
1445,speed,6
1446,doorway,6
1447,speaking,6
1448,struck,6
1449,honestly,6
1450,beans,6
1451,bedroom,6
1452,n,6
1453,hungry,6
1454,clambered,6
1455,split,6
1456,classes,6
1457,mountain,6
1458,nothin,6
1459,mysterious,6
1460,itself,6
1461,cleared,6
1462,useful,6
1463,stunned,6
1464,master,6
1465,speeding,6
1466,join,6
1467,laughter,6
1468,dive,6
1469,dived,6
1470,trophy,6
1471,hoops,6
1472,cakes,6
1473,dragged,6
1474,stretched,6
1475,hurrying,6
1476,moaned,6
1477,laugh,6
1478,nearest,6
1479,photographs,5
1480,voices,5
1481,hurtled,5
1482,ickle,5
1483,squinting,5
1484,captain,5
1485,impressed,5
1486,curiously,5
1487,celebrating,5
1488,winked,5
1489,winning,5
1490,miles,5
1491,eyed,5
1492,cards,5
1493,blimey,5
1494,purpose,5
1495,blinked,5
1496,excitement,5
1497,carry,5
1498,grinned,5
1499,crossbow,5
1500,saved,5
1501,adventure,5
1502,archway,5
1503,sank,5
1504,sandwiches,5
1505,putting,5
1506,frightened,5
1507,ill,5
1508,becoming,5
1509,sprinted,5
1510,wings,5
1511,imagining,5
1512,kid,5
1513,explained,5
1514,pick,5
1515,exploded,5
1516,friendly,5
1517,handkerchief,5
1518,mumbled,5
1519,neat,5
1520,reading,5
1521,streaked,5
1522,mum,5
1523,complain,5
1524,complained,5
1525,joking,5
1526,music,5
1527,strangely,5
1528,birds,5
1529,perfectly,5
1530,worst,5
1531,nerve,5
1532,unwrapped,5
1533,roast,5
1534,rob,5
1535,halt,5
1536,clapping,5
1537,involved,5
1538,bewitched,5
1539,collapsed,5
1540,upset,5
1541,pay,5
1542,coins,5
1543,wore,5
1544,sun,5
1545,james,5
1546,bike,5
1547,names,5
1548,closed,5
1549,cloaks,5
1550,faster,5
1551,lights,5
1552,faint,5
1553,groaned,5
1554,meeting,5
1555,teams,5
1556,chaser,5
1557,wiping,5
1558,age,5
1559,unusual,5
1560,fangs,5
1561,forgive,5
1562,lies,5
1563,anxiously,5
1564,ropes,5
1565,believed,5
1566,stare,5
1567,bell,5
1568,bellowed,5
1569,happily,5
1570,witchcraft,5
1571,forever,5
1572,tapped,5
1573,happens,5
1574,forced,5
1575,sticks,5
1576,feathers,5
1577,romania,5
1578,contact,5
1579,constrictor,5
1580,fool,5
1581,bits,5
1582,glittering,5
1583,trash,5
1584,herbology,5
1585,marge,5
1586,detention,5
1587,yell,5
1588,barely,5
1589,weak,5
1590,eaten,5
1591,plastic,5
1592,sheets,5
1593,helped,5
1594,bathroom,5
1595,brass,5
1596,share,5
1597,bundle,5
1598,mood,5
1599,snare,5
1600,pop,5
1601,minds,5
1602,eggs,5
1603,opinion,5
1604,places,5
1605,warmth,5
1606,whistle,5
1607,present,5
1608,oak,5
1609,marcus,5
1610,ginny,5
1611,oliver,5
1612,gran,5
1613,severus,5
1614,okay,5
1615,horse,5
1616,slithering,5
1617,skin,5
1618,town,5
1619,sixty,5
1620,diggle,5
1621,transfiguration,5
1622,office,5
1623,hey,5
1624,tightly,5
1625,towering,5
1626,bring,5
1627,bringing,5
1628,bronze,5
1629,possibly,5
1630,mark,5
1631,barked,5
1632,breathe,5
1633,devil,5
1634,mars,5
1635,lines,5
1636,tut,5
1637,short,5
1638,enchantments,5
1639,leaning,5
1640,miserably,5
1641,lower,5
1642,socks,5
1643,throat,5
1644,proper,5
1645,elixir,5
1646,scrambled,5
1647,panic,5
1648,beaming,5
1649,score,5
1650,enormous,5
1651,badly,5
1652,bald,5
1653,meanwhile,5
1654,calm,5
1655,daylight,5
1656,bear,5
1657,blown,5
1658,yourselves,5
1659,danger,5
1660,werewolf,5
1661,shrieked,5
1662,twitched,5
1663,grew,5
1664,boots,5
1665,pretending,5
1666,boa,5
1667,snowy,5
1668,pretty,5
1669,gang,5
1670,greatest,5
1671,throw,5
1672,choice,4
1673,mixture,4
1674,player,4
1675,glared,4
1676,jet,4
1677,suit,4
1678,perched,4
1679,tabby,4
1680,played,4
1681,plump,4
1682,goodness,4
1683,suggest,4
1684,bowl,4
1685,gloomy,4
1686,recent,4
1687,received,4
1688,bite,4
1689,poking,4
1690,folk,4
1691,rattling,4
1692,mixed,4
1693,missed,4
1694,takin,4
1695,gonna,4
1696,glancing,4
1697,lap,4
1698,glinting,4
1699,recognized,4
1700,braver,4
1701,sweet,4
1702,bound,4
1703,trip,4
1704,brandy,4
1705,johnson,4
1706,makes,4
1707,chosen,4
1708,guess,4
1709,bott,4
1710,floors,4
1711,trunks,4
1712,ajar,4
1713,realizing,4
1714,myst,4
1715,flushed,4
1716,missing,4
1717,swooping,4
1718,gliding,4
1719,suspected,4
1720,flooded,4
1721,flick,4
1722,tore,4
1723,younger,4
1724,fluttered,4
1725,fluttering,4
1726,reflected,4
1727,friar,4
1728,casually,4
1729,problems,4
1730,problem,4
1731,kick,4
1732,pipe,4
1733,addressed,4
1734,cauldrons,4
1735,pretend,4
1736,friday,4
1737,galleons,4
1738,thundered,4
1739,queen,4
1740,unfortunately,4
1741,temper,4
1742,freckles,4
1743,centaurs,4
1744,bursting,4
1745,kitchens,4
1746,century,4
1747,lord,4
1748,fungi,4
1749,piercing,4
1750,twitching,4
1751,blond,4
1752,writing,4
1753,learning,4
1754,candy,4
1755,pumpkin,4
1756,fudge,4
1757,knee,4
1758,punished,4
1759,leather,4
1760,blocked,4
1761,protect,4
1762,blinking,4
1763,g,4
1764,cage,4
1765,threatening,4
1766,brightly,4
1767,rage,4
1768,toppled,4
1769,cannot,4
1770,knowin,4
1771,rain,4
1772,tapping,4
1773,cheek,4
1774,tape,4
1775,potatoes,4
1776,budge,4
1777,grubby,4
1778,bolt,4
1779,unwrap,4
1780,rare,4
1781,mommy,4
1782,foolish,4
1783,gives,4
1784,moments,4
1785,rats,4
1786,blame,4
1787,plan,4
1788,frantically,4
1789,quicker,4
1790,phoenix,4
1791,months,4
1792,championship,4
1793,foul,4
1794,quill,4
1795,plate,4
1796,rattled,4
1797,unpleasant,4
1798,month,4
1799,toast,4
1800,quivering,4
1801,petrified,4
1802,taught,4
1803,movements,4
1804,bobbing,4
1805,decide,4
1806,beautiful,4
1807,sorts,4
1808,headmaster,4
1809,sorted,4
1810,beaters,4
1811,beat,4
1812,somebody,4
1813,softly,4
1814,hearts,4
1815,aside,4
1816,pairs,4
1817,ends,4
1818,screaming,4
1819,heavily,4
1820,map,4
1821,sobbed,4
1822,dedalus,4
1823,deeper,4
1824,emptied,4
1825,deeply,4
1826,search,4
1827,packages,4
1828,defense,4
1829,delicious,4
1830,sniffed,4
1831,seeing,4
1832,obvious,4
1833,whispering,4
1834,sneaking,4
1835,wine,4
1836,crashed,4
1837,impossible,4
1838,rustling,4
1839,eyebrows,4
1840,extremely,4
1841,ry,4
1842,squeezed,4
1843,nodding,4
1844,squeaked,4
1845,immediately,4
1846,squashy,4
1847,sprout,4
1848,nonsense,4
1849,part,4
1850,snatched,4
1851,idiot,4
1852,excited,4
1853,crowded,4
1854,argue,4
1855,spiral,4
1856,lookin,4
1857,crunching,4
1858,armchairs,4
1859,norwegian,4
1860,wildly,4
1861,cursed,4
1862,curtains,4
1863,sparkling,4
1864,ourselves,4
1865,duel,4
1866,distance,4
1867,distant,4
1868,shame,4
1869,shaped,4
1870,dry,4
1871,silvery,4
1872,dodged,4
1873,banquet,4
1874,hissing,4
1875,weather,4
1876,hooded,4
1877,shiny,4
1878,sideways,4
1879,lives,4
1880,wet,4
1881,shone,4
1882,doubt,4
1883,drinking,4
1884,ours,4
1885,orange,4
1886,order,4
1887,shuffled,4
1888,downstairs,4
1889,shortly,4
1890,dreamed,4
1891,bags,4
1892,drawing,4
1893,shout,4
1894,offered,4
1895,warn,4
1896,battered,4
1897,ate,4
1898,smeltings,4
1899,desperately,4
1900,smelled,4
1901,bathrobe,4
1902,destroyed,4
1903,smallest,4
1904,sense,4
1905,herbs,4
1906,bat,4
1907,september,4
1908,early,4
1909,icy,4
1910,owned,4
1911,wave,4
1912,whipped,4
1913,dying,4
1914,serious,4
1915,bartender,4
1916,owlery,4
1917,award,4
1918,dirty,4
1919,marks,4
1920,sleeve,4
1921,overcoat,4
1922,hoped,4
1923,stern,4
1924,fireplace,4
1925,strongly,4
1926,mentioned,4
1927,results,4
1928,ink,4
1929,animals,4
1930,happening,4
1931,sticking,4
1932,struggled,4
1933,amazement,4
1934,anger,4
1935,amazed,4
1936,ing,4
1937,roof,4
1938,hairy,4
1939,coldly,4
1940,fitted,4
1941,fault,4
1942,answered,4
1943,wishing,4
1944,beside,4
1945,necks,4
1946,finds,4
1947,ought,4
1948,among,4
1949,ripped,4
1950,complete,4
1951,woken,4
1952,interest,4
1953,ridgeback,4
1954,finish,4
1955,struggling,4
1956,fierce,4
1957,merrily,4
1958,confused,4
1959,stonewall,4
1960,roared,4
1961,stamp,4
1962,nerves,4
1963,hamburger,4
1964,angelina,4
1965,flaming,4
1966,incredible,4
1967,counted,4
1968,counter,4
1969,stumbled,4
1970,clutched,4
1971,rude,4
1972,country,4
1973,ruffled,4
1974,passage,4
1975,pass,4
1976,peas,4
1977,fair,4
1978,manage,4
1979,parvati,4
1980,peculiar,4
1981,flashed,4
1982,statue,4
1983,staying,4
1984,roughly,4
1985,nick,4
1986,lift,4
1987,report,4
1988,rounded,4
1989,hoarse,3
1990,markings,3
1991,hotel,3
1992,lately,3
1993,jacket,3
1994,mess,3
1995,lip,3
1996,jam,3
1997,ordered,3
1998,irritably,3
1999,monday,3
2000,metal,3
2001,horribly,3
2002,leviosa,3
2003,lump,3
2004,guardin,3
2005,jaws,3
2006,ouch,3
2007,peppermint,3
2008,lent,3
2009,lunch,3
2010,modern,3
2011,plunged,3
2012,mistaking,3
2013,las,3
2014,mice,3
2015,mutter,3
2016,lion,3
2017,laid,3
2018,plain,3
2019,guide,3
2020,pause,3
2021,hitting,3
2022,penalty,3
2023,ollivanders,3
2024,iron,3
2025,misty,3
2026,mustn,3
2027,oldest,3
2028,maroon,3
2029,level,3
2030,patting,3
2031,outer,3
2032,interrupted,3
2033,nicholas,3
2034,ideas,3
2035,pewter,3
2036,ha,3
2037,pie,3
2038,normally,3
2039,parking,3
2040,grow,3
2041,movement,3
2042,keen,3
2043,measure,3
2044,growls,3
2045,mountains,3
2046,liking,3
2047,jumping,3
2048,longer,3
2049,pillow,3
2050,ingredients,3
2051,men,3
2052,ignore,3
2053,grip,3
2054,gripped,3
2055,love,3
2056,hats,3
2057,mighta,3
2058,mouthed,3
2059,kettle,3
2060,keyhole,3
2061,shaken,3
2062,impatiently,3
2063,nightmare,3
2064,partner,3
2065,nighttime,3
2066,hello,3
2067,hannah,3
2068,kiss,3
2069,hugged,3
2070,jostled,3
2071,gruffly,3
2072,hufflepuffs,3
2073,grateful,3
2074,password,3
2075,logic,3
2076,merry,3
2077,pasties,3
2078,pasty,3
2079,needn,3
2080,knobbly,3
2081,oy,3
2082,meself,3
2083,handing,3
2084,humans,3
2085,muffled,3
2086,hummed,3
2087,journey,3
2088,licking,3
2089,mercy,3
2090,nowhere,3
2091,paid,3
2092,lowered,3
2093,leap,3
2094,malfay,3
2095,painful,3
2096,pince,3
2097,heavens,3
2098,july,3
2099,blurted,3
2100,bolted,3
2101,sneer,3
2102,demanded,3
2103,boils,3
2104,boiling,3
2105,turkey,3
2106,turns,3
2107,smooth,3
2108,smiles,3
2109,twig,3
2110,determined,3
2111,smaller,3
2112,slumped,3
2113,deliver,3
2114,slow,3
2115,difficulty,3
2116,slot,3
2117,sloped,3
2118,slipping,3
2119,blow,3
2120,sliding,3
2121,slept,3
2122,sleepy,3
2123,sleeping,3
2124,sleepily,3
2125,skyward,3
2126,blinding,3
2127,sooner,3
2128,bother,3
2129,borrowed,3
2130,cursing,3
2131,space,3
2132,sounds,3
2133,daily,3
2134,soul,3
2135,boring,3
2136,dancing,3
2137,dangling,3
2138,dared,3
2139,daring,3
2140,trousers,3
2141,sixteen,3
2142,dashed,3
2143,dashing,3
2144,song,3
2145,deafening,3
2146,deal,3
2147,sold,3
2148,sobbing,3
2149,bored,3
2150,snow,3
2151,definitely,3
2152,tucked,3
2153,tuesday,3
2154,delight,3
2155,dungeon,3
2156,shelf,3
2157,dropping,3
2158,drops,3
2159,bezoar,3
2160,uses,3
2161,shape,3
2162,bewildered,3
2163,bettie,3
2164,shadow,3
2165,vampires,3
2166,seventy,3
2167,bend,3
2168,seventeen,3
2169,bigger,3
2170,setting,3
2171,vast,3
2172,vaults,3
2173,eager,3
2174,eagle,3
2175,earlier,3
2176,earn,3
2177,belonged,3
2178,belong,3
2179,easier,3
2180,video,3
2181,behaving,3
2182,echoed,3
2183,bitten,3
2184,singing,3
2185,sing,3
2186,simple,3
2187,silly,3
2188,unicorns,3
2189,silk,3
2190,doormat,3
2191,sigh,3
2192,doris,3
2193,sides,3
2194,sickles,3
2195,double,3
2196,bitterly,3
2197,curled,3
2198,downward,3
2199,bishop,3
2200,dozen,3
2201,shuddered,3
2202,drag,3
2203,shrank,3
2204,shown,3
2205,shouting,3
2206,binns,3
2207,dreams,3
2208,biggest,3
2209,driven,3
2210,coats,3
2211,candles,3
2212,sunlight,3
2213,clever,3
2214,sunk,3
2215,cliff,3
2216,thomas,3
2217,climbing,3
2218,camera,3
2219,closely,3
2220,clouds,3
2221,calmly,3
2222,subject,3
2223,buying,3
2224,cared,3
2225,stumped,3
2226,bushy,3
2227,stuffed,3
2228,colder,3
2229,ticked,3
2230,collecting,3
2231,color,3
2232,strong,3
2233,stroked,3
2234,strict,3
2235,stretching,3
2236,strength,3
2237,burning,3
2238,talked,3
2239,chasing,3
2240,chat,3
2241,charm,3
2242,teapot,3
2243,tearing,3
2244,checking,3
2245,cheered,3
2246,cheerfully,3
2247,tantrum,3
2248,tank,3
2249,tallest,3
2250,chalk,3
2251,chicken,3
2252,buried,3
2253,chairs,3
2254,choked,3
2255,choose,3
2256,swore,3
2257,swishing,3
2258,swish,3
2259,ceremony,3
2260,swiftly,3
2261,sweeping,3
2262,sweaty,3
2263,test,3
2264,surely,3
2265,brains,3
2266,traffic,3
2267,cover,3
2268,stammered,3
2269,treacle,3
2270,brazil,3
2271,st,3
2272,cream,3
2273,bravery,3
2274,squares,3
2275,trembled,3
2276,spying,3
2277,trevor,3
2278,spread,3
2279,cousin,3
2280,spots,3
2281,croaked,3
2282,crockford,3
2283,sport,3
2284,brain,3
2285,trick,3
2286,boxes,3
2287,tricky,3
2288,tries,3
2289,crumpled,3
2290,spindly,3
2291,bounds,3
2292,bothered,3
2293,coolly,3
2294,compared,3
2295,concentrate,3
2296,toadless,3
2297,strained,3
2298,building,3
2299,tongue,3
2300,confusion,3
2301,stones,3
2302,stolen,3
2303,stole,3
2304,torn,3
2305,stiffly,3
2306,cool,3
2307,upward,3
2308,copper,3
2309,copying,3
2310,britain,3
2311,steep,3
2312,towered,3
2313,steak,3
2314,cost,3
2315,tracks,3
2316,starts,3
2317,brick,3
2318,counting,3
2319,countryside,3
2320,reaching,3
2321,refuse,3
2322,whose,3
2323,wicked,3
2324,fleet,3
2325,flicked,3
2326,refereeing,3
2327,wife,3
2328,flickering,3
2329,referee,3
2330,record,3
2331,recognize,3
2332,armchair,3
2333,flopped,3
2334,relax,3
2335,reach,3
2336,flutter,3
2337,wingardium,3
2338,folded,3
2339,apothecary,3
2340,wiped,3
2341,forbid,3
2342,raising,3
2343,wise,3
2344,within,3
2345,rabbit,3
2346,ankles,3
2347,awarded,3
2348,roaring,3
2349,roar,3
2350,fields,3
2351,risk,3
2352,fifteen,3
2353,rising,3
2354,rise,3
2355,backs,3
2356,backed,3
2357,babble,3
2358,finger,3
2359,wheezing,3
2360,ribs,3
2361,quiver,3
2362,returned,3
2363,firmly,3
2364,fist,3
2365,fists,3
2366,fit,3
2367,astronomy,3
2368,reptile,3
2369,whistled,3
2370,astonishing,3
2371,reminds,3
2372,remembers,3
2373,askin,3
2374,acting,3
2375,wrestling,3
2376,private,3
2377,advice,3
2378,pretended,3
2379,admiring,3
2380,gathered,3
2381,practicing,3
2382,yawning,3
2383,powers,3
2384,powdered,3
2385,address,3
2386,add,3
2387,gigantic,3
2388,promised,3
2389,postcard,3
2390,glance,3
2391,glanced,3
2392,glaring,3
2393,gleaming,3
2394,glided,3
2395,yellowish,3
2396,gloom,3
2397,glowing,3
2398,poked,3
2399,goin,3
2400,poison,3
2401,algie,3
2402,fork,3
2403,fortune,3
2404,fought,3
2405,fourth,3
2406,frame,3
2407,freezing,3
2408,animal,3
2409,pushing,3
2410,women,3
2411,frightening,3
2412,pure,3
2413,frowning,3
2414,village,3
2415,alchemy,3
2416,worrying,3
2417,punching,3
2418,puffing,3
2419,agrippa,3
2420,pucey,3
2421,wound,3
2422,pub,3
2423,proudly,3
2424,protection,3
2425,wrenched,3
2426,prophet,3
2427,scream,3
2428,explaining,3
2429,bars,3
2430,engine,3
2431,sadly,3
2432,waist,3
2433,sad,3
2434,banner,3
2435,bank,3
2436,rumors,3
2437,sandy,3
2438,wednesday,3
2439,enemies,3
2440,wailed,3
2441,failed,3
2442,screech,3
2443,rumbling,3
2444,ruined,3
2445,visited,3
2446,events,3
2447,beak,3
2448,battle,3
2449,enter,3
2450,equipment,3
2451,scales,3
2452,beamed,3
2453,escape,3
2454,bean,3
2455,especially,3
2456,wear,3
2457,beast,3
2458,robe,3
2459,everythin,3
2460,scraping,3
2461,sayin,3
2462,examined,3
2463,scratching,3
2464,sausage,3
2465,ruff,3
2466,seize,3
2467,badge,3
2468,seekers,3
2469,ronald,3
2470,favored,3
2471,balloon,3
2472,effort,3
2473,violet,3
2474,weighing,3
2475,begin,3
2476,rows,3
2477,rubbing,3
2478,scribbled,3
2479,rubeus,3
2480,ruddy,3
2481,merlin,2
2482,mouths,2
2483,tightened,2
2484,youknow,2
2485,wandered,2
2486,tied,2
2487,yorkshire,2
2488,victory,2
2489,yew,2
2490,tidy,2
2491,mouthful,2
2492,vacation,2
2493,yerself,2
2494,moons,2
2495,therefore,2
2496,wow,2
2497,messing,2
2498,zigzagging,2
2499,teddy,2
2500,memory,2
2501,terry,2
2502,zombie,2
2503,terror,2
2504,vigorously,2
2505,til,2
2506,urgently,2
2507,timidly,2
2508,tipped,2
2509,tiptoe,2
2510,wormwood,2
2511,visitor,2
2512,tent,2
2513,vanish,2
2514,magnificent,2
2515,madly,2
2516,vcr,2
2517,telescope,2
2518,measuring,2
2519,mere,2
2520,touching,2
2521,yawned,2
2522,telescopes,2
2523,vanishing,2
2524,write,2
2525,visible,2
2526,mahogany,2
2527,mount,2
2528,motorcycles,2
2529,walnut,2
2530,yelling,2
2531,mounted,2
2532,melted,2
2533,mouse,2
2534,wrinkled,2
2535,thoughtfully,2
2536,wriggled,2
2537,thrashing,2
2538,measured,2
2539,thud,2
2540,thursday,2
2541,morgana,2
2542,valuable,2
2543,main,2
2544,mainly,2
2545,whistling,2
2546,material,2
2547,whichever,2
2548,tyke,2
2549,whirl,2
2550,whirled,2
2551,whiskers,2
2552,whispers,2
2553,unable,2
2554,unblinkingly,2
2555,trolls,2
2556,whenever,2
2557,uncertainly,2
2558,trodden,2
2559,tripped,2
2560,trifle,2
2561,understood,2
2562,uneasy,2
2563,mimsy,2
2564,unfolding,2
2565,wider,2
2566,weird,2
2567,twentieth,2
2568,massive,2
2569,twigs,2
2570,west,2
2571,werewolves,2
2572,tune,2
2573,twinkling,2
2574,wham,2
2575,weirdos,2
2576,married,2
2577,wig,2
2578,tub,2
2579,miserable,2
2580,trusted,2
2581,misery,2
2582,wheeled,2
2583,wheeling,2
2584,matches,2
2585,marmalade,2
2586,twisting,2
2587,touches,2
2588,unusually,2
2589,wash,2
2590,meal,2
2591,toys,2
2592,towers,2
2593,malfoys,2
2594,unwrapping,2
2595,upon,2
2596,upright,2
2597,mid,2
2598,untidy,2
2599,torches,2
2600,wolfsbane,2
2601,monkshood,2
2602,toothless,2
2603,zooming,2
2604,urged,2
2605,toads,2
2606,warty,2
2607,monstrous,2
2608,moleskin,2
2609,unknown,2
2610,mixing,2
2611,tremblin,2
2612,wilder,2
2613,mane,2
2614,wax,2
2615,moaning,2
2616,unlocked,2
2617,moldy,2
2618,titles,2
2619,treasure,2
2620,winding,2
2621,trapped,2
2622,transfixed,2
2623,windowsill,2
2624,trailing,2
2625,wastepaper,2
2626,wins,2
2627,waste,2
2628,parkinson,2
2629,party,2
2630,rush,2
2631,sacked,2
2632,parties,2
2633,parted,2
2634,safest,2
2635,sagged,2
2636,sailed,2
2637,rummaging,2
2638,scars,2
2639,papers,2
2640,scattering,2
2641,schedules,2
2642,scored,2
2643,scowling,2
2644,scrambling,2
2645,pajamas,2
2646,rolls,2
2647,ride,2
2648,ridiculous,2
2649,patch,2
2650,rifle,2
2651,rip,2
2652,ripping,2
2653,rocker,2
2654,rolling,2
2655,scrawny,2
2656,passes,2
2657,rooms,2
2658,passersby,2
2659,root,2
2660,rooted,2
2661,roots,2
2662,passageways,2
2663,shack,2
2664,owner,2
2665,seriously,2
2666,serpent,2
2667,servant,2
2668,session,2
2669,seventh,2
2670,overtake,2
2671,shabby,2
2672,senses,2
2673,shadowy,2
2674,shaggy,2
2675,loved,2
2676,shakily,2
2677,outstanding,2
2678,shared,2
2679,sharing,2
2680,security,2
2681,painfully,2
2682,screams,2
2683,screeched,2
2684,screwed,2
2685,page,2
2686,packing,2
2687,scuttled,2
2688,searched,2
2689,rich,2
2690,seek,2
2691,paces,2
2692,paced,2
2693,self,2
2694,oyt,2
2695,selling,2
2696,sending,2
2697,piles,2
2698,president,2
2699,pitch,2
2700,prickled,2
2701,privately,2
2702,prodded,2
2703,promise,2
2704,pin,2
2705,proof,2
2706,prepared,2
2707,protected,2
2708,public,2
2709,pudding,2
2710,punishment,2
2711,picture,2
2712,picking,2
2713,pupils,2
2714,push,2
2715,post,2
2716,poisonous,2
2717,poker,2
2718,polite,2
2719,polkiss,2
2720,poltergeist,2
2721,popped,2
2722,porridge,2
2723,portraits,2
2724,puts,2
2725,postage,2
2726,poster,2
2727,pound,2
2728,pounding,2
2729,pposed,2
2730,plainly,2
2731,precious,2
2732,paws,2
2733,reflections,2
2734,peeling,2
2735,remembering,2
2736,remote,2
2737,pearly,2
2738,rent,2
2739,peace,2
2740,reserve,2
2741,pelting,2
2742,resign,2
2743,pawed,2
2744,paused,2
2745,restaurants,2
2746,reveal,2
2747,revolting,2
2748,patted,2
2749,ravenclaws,2
2750,photos,2
2751,quivered,2
2752,racket,2
2753,persuade,2
2754,raise,2
2755,rapped,2
2756,rations,2
2757,performed,2
2758,shhhh,2
2759,ray,2
2760,perenelle,2
2761,rear,2
2762,reasons,2
2763,reckons,2
2764,redder,2
2765,pence,2
2766,straining,2
2767,stoat,2
2768,nephew,2
2769,stools,2
2770,neighbors,2
2771,stories,2
2772,straightened,2
2773,needles,2
2774,needle,2
2775,nettle,2
2776,strangers,2
2777,stream,2
2778,streamed,2
2779,streaming,2
2780,neatly,2
2781,streets,2
2782,striding,2
2783,nearby,2
2784,startled,2
2785,stacked,2
2786,staff,2
2787,noble,2
2788,staffroom,2
2789,staircases,2
2790,stalagmite,2
2791,standard,2
2792,nightmares,2
2793,naughty,2
2794,state,2
2795,steady,2
2796,nicer,2
2797,nibble,2
2798,steering,2
2799,sticky,2
2800,stiff,2
2801,sworn,2
2802,surrounding,2
2803,susan,2
2804,swapped,2
2805,swayed,2
2806,sweat,2
2807,swelled,2
2808,swept,2
2809,swimming,2
2810,surprises,2
2811,ta,2
2812,taller,2
2813,tangled,2
2814,taped,2
2815,tart,2
2816,taste,2
2817,tasted,2
2818,subjects,2
2819,student,2
2820,natural,2
2821,stuffing,2
2822,stupidly,2
2823,stutter,2
2824,stuttering,2
2825,nastily,2
2826,narrowed,2
2827,stack,2
2828,substance,2
2829,suffering,2
2830,nails,2
2831,sugar,2
2832,nagging,2
2833,sunny,2
2834,sunshine,2
2835,sleeves,2
2836,sink,2
2837,sinking,2
2838,sirius,2
2839,sixth,2
2840,skimming,2
2841,skinny,2
2842,slamming,2
2843,sleek,2
2844,onward,2
2845,slight,2
2846,slip,2
2847,slowed,2
2848,slug,2
2849,offended,2
2850,smash,2
2851,smoothly,2
2852,oddly,2
2853,shriveled,2
2854,shining,2
2855,shoes,2
2856,shoot,2
2857,shopping,2
2858,ounce,2
2859,shriek,2
2860,organized,2
2861,shrieks,2
2862,snakelike,2
2863,orders,2
2864,shuffling,2
2865,shutting,2
2866,sickening,2
2867,sickle,2
2868,sidled,2
2869,signed,2
2870,spoil,2
2871,speech,2
2872,speechless,2
2873,spend,2
2874,spiders,2
2875,spinnet,2
2876,spirits,2
2877,splendid,2
2878,spluttered,2
2879,spectacular,2
2880,spray,2
2881,sprinting,2
2882,noisy,2
2883,noises,2
2884,square,2
2885,squeak,2
2886,squeal,2
2887,snuffbox,2
2888,snap,2
2889,occasions,2
2890,sneered,2
2891,sniff,2
2892,sniggered,2
2893,snorted,2
2894,nuts,2
2895,numbers,2
2896,tawny,2
2897,soared,2
2898,soaring,2
2899,sore,2
2900,sorta,2
2901,spat,2
2902,nosed,2
2903,spectacles,2
2904,glowed,2
2905,glory,2
2906,hungrily,2
2907,hunger,2
2908,gloves,2
2909,beetle,2
2910,hunched,2
2911,cracking,2
2912,clap,2
2913,hurting,2
2914,humbugs,2
2915,crackers,2
2916,clasped,2
2917,cracked,2
2918,cozy,2
2919,hullo,2
2920,edged,2
2921,hugging,2
2922,cracks,2
2923,earshot,2
2924,crammed,2
2925,beef,2
2926,craning,2
2927,hushed,2
2928,clamped,2
2929,dwell,2
2930,beds,2
2931,bubbles,2
2932,buck,2
2933,glittered,2
2934,fires,2
2935,dusty,2
2936,crashing,2
2937,hooted,2
2938,horns,2
2939,coughed,2
2940,hopped,2
2941,finer,2
2942,hopefully,2
2943,believes,2
2944,embarrassed,2
2945,hooves,2
2946,golf,2
2947,hook,2
2948,claws,2
2949,clenched,2
2950,breeze,2
2951,emetic,2
2952,honor,2
2953,emporium,2
2954,bucket,2
2955,horrified,2
2956,count,2
2957,countercurse,2
2958,briskly,2
2959,hovered,2
2960,elbow,2
2961,courtyard,2
2962,covers,2
2963,eeylops,2
2964,begins,2
2965,goblet,2
2966,howls,2
2967,huddle,2
2968,broad,2
2969,classrooms,2
2970,barn,2
2971,introduce,2
2972,interfering,2
2973,bun,2
2974,interfere,2
2975,drowned,2
2976,bare,2
2977,inter,2
2978,circumstances,2
2979,bar,2
2980,crime,2
2981,barrels,2
2982,fitch,2
2983,creepy,2
2984,insisted,2
2985,drunk,2
2986,insides,2
2987,ducked,2
2988,invented,2
2989,bunch,2
2990,circling,2
2991,bangs,2
2992,banging,2
2993,crooked,2
2994,genius,2
2995,banged,2
2996,jabbed,2
2997,jackets,2
2998,jammed,2
2999,jar,2
3000,jars,2
3001,crouching,2
3002,crowds,2
3003,firsties,2
3004,dust,2
3005,clamber,2
3006,illegal,2
3007,beating,2
3008,imagination,2
3009,crawling,2
3010,imagined,2
3011,crazy,2
3012,beasts,2
3013,buckle,2
3014,importantly,2
3015,firm,2
3016,creams,2
3017,beady,2
3018,improve,2
3019,breeding,2
3020,creature,2
3021,creatures,2
3022,dull,2
3023,glee,2
3024,bathrobes,2
3025,git,2
3026,creep,2
3027,bulging,2
3028,creeping,2
3029,informed,2
3030,infusion,2
3031,dud,2
3032,basketball,2
3033,gift,2
3034,ducking,2
3035,blowing,2
3036,harbor,2
3037,grinning,2
3038,coconut,2
3039,happier,2
3040,hangings,2
3041,fashion,2
3042,handsome,2
3043,handful,2
3044,borrow,2
3045,expecting,2
3046,codswallop,2
3047,hammering,2
3048,boot,2
3049,blushed,2
3050,boarded,2
3051,ham,2
3052,fantastic,2
3053,grindelwald,2
3054,bossy,2
3055,grimly,2
3056,company,2
3057,exercise,2
3058,hatching,2
3059,hates,2
3060,blonde,2
3061,complicated,2
3062,exciting,2
3063,hawk,2
3064,concern,2
3065,headmistress,2
3066,block,2
3067,concerned,2
3068,faintly,2
3069,boiled,2
3070,fading,2
3071,collect,2
3072,fail,2
3073,faintest,2
3074,gulped,2
3075,gulp,2
3076,guilty,2
3077,boom,2
3078,grumpily,2
3079,fame,2
3080,grunnings,2
3081,bones,2
3082,falling,2
3083,colors,2
3084,colored,2
3085,fastest,2
3086,facedown,2
3087,bogies,2
3088,collapsible,2
3089,f,2
3090,comfort,2
3091,extraordinary,2
3092,expression,2
3093,comfortable,2
3094,express,2
3095,groups,2
3096,haircut,2
3097,group,2
3098,comforting,2
3099,hairs,2
3100,boarhound,2
3101,grate,2
3102,bind,2
3103,continue,2
3104,binding,2
3105,bird,2
3106,cloud,2
3107,higgs,2
3108,biscuits,2
3109,bravely,2
3110,fewer,2
3111,hid,2
3112,contained,2
3113,hesitated,2
3114,hero,2
3115,gravy,2
3116,enjoying,2
3117,enjoys,2
3118,cloudy,2
3119,grandmother,2
3120,billowing,2
3121,contrary,2
3122,england,2
3123,grandfather,2
3124,convinced,2
3125,breathed,2
3126,breathlessly,2
3127,copy,2
3128,emptying,2
3129,hocus,2
3130,bewitching,2
3131,fiercely,2
3132,fifth,2
3133,holly,2
3134,blast,2
3135,heap,2
3136,blistering,2
3137,examine,2
3138,blink,2
3139,bouncing,2
3140,bounded,2
3141,escaping,2
3142,clues,2
3143,greed,2
3144,bless,2
3145,escalator,2
3146,favors,2
3147,blazing,2
3148,heaved,2
3149,feared,2
3150,instant,2
3151,erupted,2
3152,feasts,2
3153,heaven,2
3154,heavier,2
3155,fed,2
3156,blank,2
3157,feeble,2
3158,entering,2
3159,feed,2
3160,feelings,2
3161,heel,2
3162,greasy,2
3163,clue,2
3164,confusing,2
3165,helping,2
3166,applause,2
3167,arguing,2
3168,lasted,2
3169,cast,2
3170,latest,2
3171,flight,2
3172,lavender,2
3173,cackled,2
3174,direct,2
3175,chimney,2
3176,admitted,2
3177,calling,2
3178,calls,2
3179,adrian,2
3180,followers,2
3181,appearance,2
3182,darted,2
3183,darting,2
3184,check,2
3185,disturb,2
3186,liver,2
3187,anxious,2
3188,date,2
3189,carved,2
3190,listened,2
3191,dates,2
3192,anti,2
3193,doorknob,2
3194,gallery,2
3195,dotted,2
3196,curses,2
3197,fourteen,2
3198,ashamed,2
3199,actually,2
3200,dormitories,2
3201,chatter,2
3202,knuckles,2
3203,chattering,2
3204,laden,2
3205,caution,2
3206,land,2
3207,driving,2
3208,flickered,2
3209,landing,2
3210,chipped,2
3211,future,2
3212,daddy,2
3213,fond,2
3214,follows,2
3215,cabbage,2
3216,fury,2
3217,armed,2
3218,damage,2
3219,chip,2
3220,decoration,2
3221,cheerful,2
3222,aloud,2
3223,cap,2
3224,floated,2
3225,cara,2
3226,discovery,2
3227,alohomora,2
3228,frying,2
3229,lifted,2
3230,caretaker,2
3231,afterward,2
3232,lined,2
3233,careless,2
3234,ambition,2
3235,lighted,2
3236,discoveries,2
3237,agony,2
3238,lighter,2
3239,alas,2
3240,decorations,2
3241,alarm,2
3242,airplane,2
3243,limped,2
3244,defeat,2
3245,frozen,2
3246,agree,2
3247,angles,2
3248,dawn,2
3249,flipped,2
3250,annoying,2
3251,children,2
3252,announced,2
3253,directions,2
3254,checked,2
3255,cannon,2
3256,de,2
3257,director,2
3258,deadly,2
3259,flitted,2
3260,doorstep,2
3261,disgusting,2
3262,flung,2
3263,disgusted,2
3264,legged,2
3265,disgust,2
3266,length,2
3267,ancient,2
3268,amuse,2
3269,disgruntled,2
3270,letting,2
3271,delayed,2
3272,child,2
3273,loosening,2
3274,joy,2
3275,accept,2
3276,dried,2
3277,auntie,2
3278,accepted,2
3279,flared,2
3280,depths,2
3281,accidentally,2
3282,chortled,2
3283,gateway,2
3284,detentions,2
3285,accidents,2
3286,crystal,2
3287,keeps,2
3288,drifted,2
3289,developments,2
3290,kent,2
3291,ketchup,2
3292,gap,2
3293,cups,2
3294,jewel,2
3295,drawn,2
3296,garlic,2
3297,jog,2
3298,burned,2
3299,changing,2
3300,gasp,2
3301,gasping,2
3302,loudest,2
3303,dreading,2
3304,burn,2
3305,gasps,2
3306,acted,2
3307,drawling,2
3308,desserts,2
3309,jolt,2
3310,absolutely,2
3311,gar,2
3312,await,2
3313,jim,2
3314,baggy,2
3315,bunny,2
3316,baked,2
3317,currently,2
3318,gathering,2
3319,kindly,2
3320,diff,2
3321,chuckling,2
3322,chops,2
3323,celebrate,2
3324,downright,2
3325,kissed,2
3326,luminous,2
3327,desks,2
3328,form,2
3329,asphodel,2
3330,knack,2
3331,lunchtime,2
3332,choosing,2
3333,knickerbockers,2
3334,askew,2
3335,desire,2
3336,chooses,2
3337,choking,2
3338,flattened,2
3339,attract,2
3340,footstool,2
3341,drained,2
3342,jerk,2
3343,killin,2
3344,chased,2
3345,drinker,2
3346,forty,2
3347,killing,2
3348,bush,2
3349,drinks,2
3350,games,2
3351,attack,2
3352,flatly,2
3353,flatten,2
3354,dense,2
3355,galloping,2
3356,chains,1
3357,tapestries,1
3358,coals,1
3359,tapestry,1
3360,struggle,1
3361,coast,1
3362,colorcoding,1
3363,clung,1
3364,cheeks,1
3365,chances,1
3366,cheery,1
3367,changin,1
3368,tapdance,1
3369,ted,1
3370,chasin,1
3371,cock,1
3372,tarts,1
3373,stump,1
3374,cheating,1
3375,teaches,1
3376,chase,1
3377,cokeworth,1
3378,stumbling,1
3379,tasty,1
3380,stung,1
3381,cheap,1
3382,taunting,1
3383,studyin,1
3384,cleverness,1
3385,code,1
3386,teabags,1
3387,coils,1
3388,coffee,1
3389,collar,1
3390,stupidest,1
3391,collected,1
3392,tearful,1
3393,tear,1
3394,checkmate,1
3395,stubs,1
3396,chappie,1
3397,charged,1
3398,checkup,1
3399,charging,1
3400,tarantula,1
3401,teacups,1
3402,cobbled,1
3403,stunt,1
3404,cobras,1
3405,tartan,1
3406,teaching,1
3407,suspend,1
3408,swam,1
3409,chorused,1
3410,swished,1
3411,swishy,1
3412,city,1
3413,swallow,1
3414,swaggered,1
3415,suspicious,1
3416,suspicion,1
3417,switch,1
3418,suspension,1
3419,suspended,1
3420,swipe,1
3421,switching,1
3422,swollen,1
3423,swoop,1
3424,chopped,1
3425,sword,1
3426,suspect,1
3427,survive,1
3428,clanged,1
3429,surrounded,1
3430,surrey,1
3431,surprising,1
3432,clanging,1
3433,swear,1
3434,cigarette,1
3435,sweetums,1
3436,cinemas,1
3437,circe,1
3438,circled,1
3439,sweating,1
3440,sweaters,1
3441,swelling,1
3442,circles,1
3443,sweltering,1
3444,swearing,1
3445,chuckle,1
3446,syllable,1
3447,swaying,1
3448,swarthy,1
3449,swift,1
3450,chucked,1
3451,swarming,1
3452,swarmin,1
3453,cooked,1
3454,swapping,1
3455,swig,1
3456,chose,1
3457,circus,1
3458,swap,1
3459,clobbered,1
3460,sunburn,1
3461,click,1
3462,clicking,1
3463,climb,1
3464,suits,1
3465,clinging,1
3466,clinking,1
3467,talent,1
3468,childishly,1
3469,cliodna,1
3470,cloaked,1
3471,childhood,1
3472,sunday,1
3473,cloth,1
3474,sucked,1
3475,chickened,1
3476,chf,1
3477,chewing,1
3478,subtle,1
3479,tame,1
3480,substitutes,1
3481,clouted,1
3482,chewed,1
3483,tangles,1
3484,chestnut,1
3485,clawed,1
3486,symbols,1
3487,chivalry,1
3488,chips,1
3489,chipolatas,1
3490,surname,1
3491,surged,1
3492,tackled,1
3493,tackling,1
3494,clattering,1
3495,tags,1
3496,supreme,1
3497,claw,1
3498,chessboard,1
3499,tailcoats,1
3500,supporting,1
3501,chimed,1
3502,supply,1
3503,chilly,1
3504,supple,1
3505,sunrise,1
3506,cleansweep,1
3507,takes,1
3508,chilled,1
3509,sundays,1
3510,species,1
3511,spasm,1
3512,spawn,1
3513,curry,1
3514,speaker,1
3515,speakin,1
3516,spear,1
3517,speared,1
3518,curly,1
3519,specially,1
3520,curtain,1
3521,specimen,1
3522,speck,1
3523,curling,1
3524,curl,1
3525,spectacularly,1
3526,spectators,1
3527,cured,1
3528,cure,1
3529,damaged,1
3530,soothe,1
3531,sorc,1
3532,darling,1
3533,darkened,1
3534,sorrowful,1
3535,dappled,1
3536,dangerously,1
3537,dampen,1
3538,damn,1
3539,cunning,1
3540,daisies,1
3541,dairy,1
3542,dabbed,1
3543,cutting,1
3544,sp,1
3545,customer,1
3546,spaces,1
3547,cushion,1
3548,crouched,1
3549,spiny,1
3550,crumbling,1
3551,cruel,1
3552,spite,1
3553,splashes,1
3554,splattered,1
3555,spleens,1
3556,crown,1
3557,spluttering,1
3558,spinning,1
3559,spoils,1
3560,crossly,1
3561,spoken,1
3562,spokesgoblin,1
3563,spore,1
3564,sports,1
3565,criticizing,1
3566,crisply,1
3567,spider,1
3568,speeds,1
3569,speedy,1
3570,cryin,1
3571,spelled,1
3572,crybabies,1
3573,crutches,1
3574,spending,1
3575,crushing,1
3576,sony,1
3577,crushed,1
3578,spilled,1
3579,spilling,1
3580,spinach,1
3581,crush,1
3582,spine,1
3583,spinner,1
3584,crumpets,1
3585,sneeze,1
3586,dennis,1
3587,snatching,1
3588,sneak,1
3589,sneaked,1
3590,sneakers,1
3591,demands,1
3592,demand,1
3593,deliverin,1
3594,sneering,1
3595,snatch,1
3596,sneezed,1
3597,delivered,1
3598,delights,1
3599,sniffing,1
3600,sniffling,1
3601,sniffy,1
3602,delicately,1
3603,snigget,1
3604,smudged,1
3605,sightings,1
3606,smirking,1
3607,desert,1
3608,smoked,1
3609,smoking,1
3610,describing,1
3611,smoother,1
3612,deputy,1
3613,smothering,1
3614,delicate,1
3615,smuggle,1
3616,sn,1
3617,depressing,1
3618,snakes,1
3619,depressed,1
3620,depended,1
3621,denying,1
3622,dentists,1
3623,dearest,1
3624,decked,1
3625,decent,1
3626,december,1
3627,debt,1
3628,softest,1
3629,deaths,1
3630,dears,1
3631,dearly,1
3632,solutions,1
3633,sobs,1
3634,dealer,1
3635,somefink,1
3636,somersault,1
3637,dazed,1
3638,dawned,1
3639,sometime,1
3640,daughter,1
3641,sons,1
3642,defenseless,1
3643,sniveled,1
3644,snoozed,1
3645,snoozing,1
3646,snored,1
3647,snores,1
3648,snoring,1
3649,snot,1
3650,defrosting,1
3651,crisis,1
3652,snowball,1
3653,snowballs,1
3654,defend,1
3655,defeated,1
3656,snuffling,1
3657,deepest,1
3658,sob,1
3659,declared,1
3660,stopper,1
3661,stomping,1
3662,conk,1
3663,conjured,1
3664,confuse,1
3665,confiscated,1
3666,confessed,1
3667,stooping,1
3668,confed,1
3669,conductor,1
3670,considered,1
3671,stopping,1
3672,stops,1
3673,stored,1
3674,stores,1
3675,conducted,1
3676,conduct,1
3677,stormed,1
3678,stormy,1
3679,stifling,1
3680,core,1
3681,copyin,1
3682,deserted,1
3683,sternly,1
3684,stewed,1
3685,convince,1
3686,convention,1
3687,continued,1
3688,stiffily,1
3689,concrete,1
3690,contains,1
3691,stinking,1
3692,stirring,1
3693,stitch,1
3694,stitches,1
3695,containing,1
3696,stoked,1
3697,constantly,1
3698,strictly,1
3699,committing,1
3700,commit,1
3701,commentating,1
3702,commentary,1
3703,commanded,1
3704,comin,1
3705,strengthened,1
3706,stretch,1
3707,comets,1
3708,streak,1
3709,comet,1
3710,string,1
3711,strings,1
3712,striped,1
3713,combination,1
3714,stroke,1
3715,comb,1
3716,columns,1
3717,strangled,1
3718,stove,1
3719,stra,1
3720,straightening,1
3721,concentrating,1
3722,concen,1
3723,stranded,1
3724,complex,1
3725,compartments,1
3726,stench,1
3727,strapping,1
3728,straps,1
3729,straw,1
3730,strawberries,1
3731,strawberry,1
3732,stray,1
3733,strayed,1
3734,straying,1
3735,stadium,1
3736,create,1
3737,squealed,1
3738,squeeze,1
3739,squid,1
3740,squinted,1
3741,creaked,1
3742,creak,1
3743,stabbing,1
3744,stacks,1
3745,squeaky,1
3746,crashes,1
3747,stage,1
3748,staggered,1
3749,staggerin,1
3750,stain,1
3751,stained,1
3752,cranberry,1
3753,stalactite,1
3754,creeps,1
3755,spotting,1
3756,crinkled,1
3757,sprawled,1
3758,cringed,1
3759,spreading,1
3760,spring,1
3761,springy,1
3762,crikey,1
3763,stalactites,1
3764,sprouts,1
3765,spun,1
3766,spurt,1
3767,creepers,1
3768,squashed,1
3769,credit,1
3770,squat,1
3771,squawked,1
3772,cornelius,1
3773,coulda,1
3774,statues,1
3775,cough,1
3776,correcting,1
3777,cornflakes,1
3778,steadied,1
3779,steadily,1
3780,corners,1
3781,cornered,1
3782,council,1
3783,steam,1
3784,steamrollered,1
3785,steel,1
3786,steeling,1
3787,corned,1
3788,steeply,1
3789,steered,1
3790,cork,1
3791,cows,1
3792,stalagmites,1
3793,stale,1
3794,stalking,1
3795,crackpot,1
3796,stammering,1
3797,stamping,1
3798,stamps,1
3799,cracker,1
3800,stronger,1
3801,cowering,1
3802,stargazers,1
3803,coward,1
3804,starry,1
3805,courageous,1
3806,countercurses,1
3807,starved,1
3808,starving,1
3809,watered,1
3810,basking,1
3811,baskets,1
3812,wasted,1
3813,wasters,1
3814,basket,1
3815,basics,1
3816,watchers,1
3817,watchin,1
3818,basic,1
3819,baseball,1
3820,bated,1
3821,watering,1
3822,watery,1
3823,baruffio,1
3824,waves,1
3825,barred,1
3826,barks,1
3827,barking,1
3828,bark,1
3829,weakly,1
3830,warlock,1
3831,beater,1
3832,wanderings,1
3833,beastie,1
3834,bearing,1
3835,bearded,1
3836,wantin,1
3837,beaks,1
3838,ward,1
3839,wardrobes,1
3840,weapon,1
3841,warlocks,1
3842,beach,1
3843,warmer,1
3844,bawling,1
3845,batty,1
3846,bats,1
3847,warts,1
3848,bathilda,1
3849,bath,1
3850,background,1
3851,welsh,1
3852,baking,1
3853,bakery,1
3854,baker,1
3855,bagshot,1
3856,badger,1
3857,whacked,1
3858,backpack,1
3859,whap,1
3860,balancing,1
3861,awkwardly,1
3862,wheedled,1
3863,wheel,1
3864,awkward,1
3865,awful,1
3866,wheezed,1
3867,awe,1
3868,whelk,1
3869,awarding,1
3870,weekly,1
3871,barbers,1
3872,wears,1
3873,banks,1
3874,weatherman,1
3875,weave,1
3876,weaving,1
3877,wee,1
3878,weeds,1
3879,bang,1
3880,wander,1
3881,bandages,1
3882,weigh,1
3883,weighed,1
3884,bandaged,1
3885,weight,1
3886,band,1
3887,weirdest,1
3888,bananas,1
3889,balloons,1
3890,velvety,1
3891,berserk,1
3892,bendy,1
3893,bending,1
3894,vapor,1
3895,belting,1
3896,belt,1
3897,belongs,1
3898,belonging,1
3899,veins,1
3900,velvet,1
3901,van,1
3902,beings,1
3903,versus,1
3904,bein,1
3905,vibrate,1
3906,vibrating,1
3907,vicious,1
3908,victims,1
3909,behead,1
3910,behavior,1
3911,bewitch,1
3912,uric,1
3913,bidden,1
3914,bid,1
3915,bicycle,1
3916,biased,1
3917,useless,1
3918,beyond,1
3919,ushered,1
3920,using,1
3921,behave,1
3922,utter,1
3923,beware,1
3924,vacationing,1
3925,vacuum,1
3926,vain,1
3927,betray,1
3928,value,1
3929,vampire,1
3930,bertie,1
3931,bedspread,1
3932,waddling,1
3933,waffle,1
3934,waffling,1
3935,wafting,1
3936,waggled,1
3937,beechwood,1
3938,beech,1
3939,bedtime,1
3940,waitin,1
3941,vomitflavored,1
3942,wakes,1
3943,waking,1
3944,bedrooms,1
3945,becomes,1
3946,beckoned,1
3947,beaverskin,1
3948,walled,1
3949,beauty,1
3950,beats,1
3951,begging,1
3952,viewers,1
3953,begun,1
3954,vindictus,1
3955,violent,1
3956,violently,1
3957,beginning,1
3958,viridian,1
3959,beginners,1
3960,vision,1
3961,awaits,1
3962,beg,1
3963,visiting,1
3964,befuddle,1
3965,visitors,1
3966,beetles,1
3967,voicing,1
3968,beet,1
3969,beefy,1
3970,volume,1
3971,wringing,1
3972,woven,1
3973,afternoons,1
3974,african,1
3975,africa,1
3976,wrestle,1
3977,wrestled,1
3978,affect,1
3979,affairs,1
3980,wriggles,1
3981,wriggling,1
3982,wounded,1
3983,aff,1
3984,advised,1
3985,wrists,1
3986,wristwatch,1
3987,wristwatches,1
3988,advancing,1
3989,writer,1
3990,advanced,1
3991,wrongly,1
3992,alibis,1
3993,amber,1
3994,alternative,1
3995,alot,1
3996,woodcroft,1
3997,alongside,1
3998,woods,1
3999,woolen,1
4000,alien,1
4001,alicia,1
4002,wrote,1
4003,alchemist,1
4004,alberic,1
4005,works,1
4006,alarming,1
4007,airily,1
4008,ahern,1
4009,ahem,1
4010,aha,1
4011,wouln,1
4012,aback,1
4013,account,1
4014,according,1
4015,accident,1
4016,abysmal,1
4017,absurd,1
4018,youngsters,1
4019,aboard,1
4020,abnormal,1
4021,abbott,1
4022,yerselves,1
4023,youth,1
4024,yvonne,1
4025,zabini,1
4026,aargh,1
4027,aaah,1
4028,aaaargh,1
4029,zoom,1
4030,zoomed,1
4031,aaaaaaaaaargh,1
4032,yehve,1
4033,wrought,1
4034,y,1
4035,yard,1
4036,admirers,1
4037,admired,1
4038,ye,1
4039,admiral,1
4040,admirable,1
4041,adalbert,1
4042,ambling,1
4043,act,1
4044,aconite,1
4045,acid,1
4046,achieve,1
4047,yells,1
4048,yelp,1
4049,yelps,1
4050,ache,1
4051,accountant,1
4052,whooshing,1
4053,astonishment,1
4054,astonishingly,1
4055,assured,1
4056,assistant,1
4057,whittled,1
4058,whizzing,1
4059,whoever,1
4060,whom,1
4061,whoop,1
4062,whooped,1
4063,astounding,1
4064,ashen,1
4065,art,1
4066,wickedly,1
4067,arsenius,1
4068,widely,1
4069,arrows,1
4070,arrow,1
4071,arriving,1
4072,wight,1
4073,attractive,1
4074,awaiting,1
4075,avoid,1
4076,august,1
4077,audience,1
4078,whimper,1
4079,whimpered,1
4080,whimpering,1
4081,whined,1
4082,whinging,1
4083,arrivals,1
4084,whippy,1
4085,attacked,1
4086,whisk,1
4087,whisked,1
4088,whiskery,1
4089,atta,1
4090,atop,1
4091,whisperers,1
4092,astride,1
4093,anne,1
4094,anytime,1
4095,anxiety,1
4096,anticheating,1
4097,wit,1
4098,answers,1
4099,answering,1
4100,annoyed,1
4101,annoy,1
4102,witted,1
4103,apologized,1
4104,wizardin,1
4105,angrier,1
4106,angel,1
4107,wizened,1
4108,wohsi,1
4109,wolfing,1
4110,amount,1
4111,amigo,1
4112,amid,1
4113,argued,1
4114,arrival,1
4115,arrangements,1
4116,armpit,1
4117,willing,1
4118,willow,1
4119,argus,1
4120,arguments,1
4121,windmill,1
4122,argument,1
4123,urgh,1
4124,winds,1
4125,arching,1
4126,approve,1
4127,approached,1
4128,winged,1
4129,apple,1
4130,appear,1
4131,winter,1
4132,wipe,1
4133,title,1
4134,tin,1
4135,tinge,1
4136,tingle,1
4137,tinkling,1
4138,tinned,1
4139,bundles,1
4140,bundled,1
4141,tips,1
4142,bunches,1
4143,tiptoed,1
4144,bungler,1
4145,bumped,1
4146,bulstrode,1
4147,bully,1
4148,bullied,1
4149,bullets,1
4150,toasting,1
4151,bullet,1
4152,toe,1
4153,toffee,1
4154,tickling,1
4155,bustling,1
4156,thunderous,1
4157,bustled,1
4158,thus,1
4159,tibbles,1
4160,tick,1
4161,bus,1
4162,tickets,1
4163,tickled,1
4164,bull,1
4165,tidier,1
4166,burying,1
4167,tie,1
4168,burnt,1
4169,burns,1
4170,burnished,1
4171,tighter,1
4172,tights,1
4173,burly,1
4174,briefcase,1
4175,tottering,1
4176,broomshed,1
4177,brooding,1
4178,brocklehurst,1
4179,broadly,1
4180,tourists,1
4181,bristol,1
4182,brim,1
4183,brilliantly,1
4184,tottered,1
4185,towns,1
4186,bridge,1
4187,track,1
4188,bricks,1
4189,brew,1
4190,trail,1
4191,trailed,1
4192,breezy,1
4193,trained,1
4194,buffalo,1
4195,toil,1
4196,toilets,1
4197,tokens,1
4198,built,1
4199,tom,1
4200,tomatoes,1
4201,buildings,1
4202,tone,1
4203,build,1
4204,thunder,1
4205,buckled,1
4206,bucking,1
4207,topmost,1
4208,brushing,1
4209,brushed,1
4210,tortoise,1
4211,torture,1
4212,tosh,1
4213,totalus,1
4214,carts,1
4215,caughty,1
4216,catching,1
4217,catches,1
4218,catcalling,1
4219,testing,1
4220,th,1
4221,cases,1
4222,thanked,1
4223,thankful,1
4224,thanksss,1
4225,terms,1
4226,cartoon,1
4227,cars,1
4228,carrots,1
4229,carriages,1
4230,carpets,1
4231,theory,1
4232,carpet,1
4233,carousel,1
4234,thern,1
4235,celebrations,1
4236,chained,1
4237,certain,1
4238,cereal,1
4239,cept,1
4240,centuries,1
4241,tellin,1
4242,center,1
4243,tells,1
4244,celebrity,1
4245,carelessly,1
4246,tend,1
4247,tendrils,1
4248,tennis,1
4249,tenpin,1
4250,tens,1
4251,celebrated,1
4252,tentacles,1
4253,terence,1
4254,ceased,1
4255,buzzing,1
4256,thoughts,1
4257,cafru,1
4258,cackle,1
4259,threequarters,1
4260,threes,1
4261,threshold,1
4262,cabbages,1
4263,throats,1
4264,thronging,1
4265,calming,1
4266,throughout,1
4267,buzz,1
4268,buyin,1
4269,buttered,1
4270,butter,1
4271,thumbs,1
4272,thump,1
4273,thumpin,1
4274,thumping,1
4275,thinner,1
4276,thicker,1
4277,thickly,1
4278,thickset,1
4279,thief,1
4280,thieves,1
4281,caput,1
4282,capture,1
4283,cantered,1
4284,cant,1
4285,trains,1
4286,thinnest,1
4287,cans,1
4288,thirst,1
4289,cannonball,1
4290,cane,1
4291,candlelight,1
4292,candies,1
4293,canceled,1
4294,canary,1
4295,unbelievable,1
4296,type,1
4297,types,1
4298,typical,1
4299,ube,1
4300,ugly,1
4301,um,1
4302,un,1
4303,bloke,1
4304,unafraid,1
4305,unbearable,1
4306,bloodcurdling,1
4307,blocks,1
4308,unbroken,1
4309,blocking,1
4310,uncoiling,1
4311,uncomfortable,1
4312,blob,1
4313,undergrowth,1
4314,blissfully,1
4315,blinded,1
4316,twinkled,1
4317,turpin,1
4318,turrets,1
4319,bodied,1
4320,twanging,1
4321,tweak,1
4322,boaters,1
4323,boastful,1
4324,boarding,1
4325,blur,1
4326,undred,1
4327,blundering,1
4328,bluebell,1
4329,twist,1
4330,blubber,1
4331,blotts,1
4332,blossoming,1
4333,bloodiness,1
4334,twos,1
4335,tying,1
4336,upf,1
4337,blackpool,1
4338,untouched,1
4339,unused,1
4340,blackness,1
4341,blackboard,1
4342,unwelcome,1
4343,bitter,1
4344,bites,1
4345,birthdays,1
4346,blacks,1
4347,birdcage,1
4348,upper,1
4349,uprising,1
4350,uproar,1
4351,upside,1
4352,upturned,1
4353,bills,1
4354,urgent,1
4355,bidin,1
4356,blanket,1
4357,undursleyish,1
4358,bletchley,1
4359,unexpected,1
4360,unfair,1
4361,unfolded,1
4362,unfortunate,1
4363,bleaaargh,1
4364,blasted,1
4365,blankly,1
4366,bodies,1
4367,unlike,1
4368,unluckily,1
4369,blaise,1
4370,unpopular,1
4371,unraveled,1
4372,unseated,1
4373,unseen,1
4374,unsettled,1
4375,unsticking,1
4376,trimble,1
4377,brand,1
4378,branch,1
4379,trials,1
4380,braced,1
4381,tricked,1
4382,trickling,1
4383,tricks,1
4384,bowling,1
4385,bowlers,1
4386,bow,1
4387,brandished,1
4388,tripe,1
4389,bounced,1
4390,tripping,1
4391,triumph,1
4392,triumphant,1
4393,triumphs,1
4394,boulder,1
4395,troduced,1
4396,bothering,1
4397,traveled,1
4398,trances,1
4399,transfer,1
4400,bred,1
4401,transfigured,1
4402,breaths,1
4403,transform,1
4404,transparent,1
4405,transport,1
4406,breaks,1
4407,trolley,1
4408,bread,1
4409,brazilian,1
4410,treat,1
4411,treated,1
4412,treating,1
4413,treble,1
4414,bravo,1
4415,tremble,1
4416,brary,1
4417,bombs,1
4418,bonfire,1
4419,tuft,1
4420,tufts,1
4421,tufty,1
4422,tugged,1
4423,tugging,1
4424,tulips,1
4425,tumbled,1
4426,tumbling,1
4427,tuck,1
4428,tunnel,1
4429,tunnels,1
4430,bombing,1
4431,tureens,1
4432,turkeys,1
4433,boil,1
4434,turnin,1
4435,bodyguards,1
4436,turnips,1
4437,booming,1
4438,troops,1
4439,trot,1
4440,trotting,1
4441,born,1
4442,troublesome,1
4443,boredom,1
4444,trowels,1
4445,trudged,1
4446,truly,1
4447,teh,1
4448,boomed,1
4449,boogers,1
4450,trusting,1
4451,boogerflavored,1
4452,truthful,1
4453,bonus,1
4454,tryin,1
4455,bonnets,1
4456,bonnet,1
4457,heading,1
4458,hearing,1
4459,panicked,1
4460,panicking,1
4461,pansy,1
4462,heaps,1
4463,panting,1
4464,health,1
4465,paracelsus,1
4466,paraded,1
4467,headlight,1
4468,panels,1
4469,parked,1
4470,headfirst,1
4471,parks,1
4472,parrot,1
4473,havin,1
4474,hatred,1
4475,hating,1
4476,parts,1
4477,hatches,1
4478,painting,1
4479,heed,1
4480,paddington,1
4481,hedges,1
4482,pages,1
4483,hebridean,1
4484,heaving,1
4485,pains,1
4486,paint,1
4487,painted,1
4488,hatched,1
4489,heave,1
4490,paisley,1
4491,heartstrings,1
4492,palace,1
4493,heartstring,1
4494,paler,1
4495,palms,1
4496,palomino,1
4497,pan,1
4498,pebbles,1
4499,paving,1
4500,pawn,1
4501,haircuts,1
4502,payin,1
4503,paying,1
4504,pea,1
4505,hags,1
4506,peaceful,1
4507,hag,1
4508,haaaaaa,1
4509,pavement,1
4510,pecked,1
4511,haaa,1
4512,gym,1
4513,gun,1
4514,gum,1
4515,gulpin,1
4516,peevsie,1
4517,pellets,1
4518,pelt,1
4519,patched,1
4520,harvey,1
4521,harp,1
4522,passages,1
4523,harold,1
4524,harness,1
4525,happiness,1
4526,happiest,1
4527,hanger,1
4528,handy,1
4529,heeled,1
4530,patchwork,1
4531,pate,1
4532,hams,1
4533,patient,1
4534,patrolled,1
4535,hammered,1
4536,pattern,1
4537,hammer,1
4538,halfheartedly,1
4539,hood,1
4540,hopes,1
4541,omen,1
4542,hopeful,1
4543,hop,1
4544,hooting,1
4545,hooked,1
4546,ooh,1
4547,oooooh,1
4548,oooooooh,1
4549,hoodlums,1
4550,horn,1
4551,opening,1
4552,opera,1
4553,honest,1
4554,homemade,1
4555,hollow,1
4556,holiday,1
4557,holes,1
4558,holds,1
4559,hoisted,1
4560,oddment,1
4561,oaf,1
4562,object,1
4563,objects,1
4564,observed,1
4565,hufflepuffis,1
4566,occurred,1
4567,howled,1
4568,oddball,1
4569,howl,1
4570,ornate,1
4571,howard,1
4572,hovering,1
4573,hourglasses,1
4574,offhand,1
4575,hotly,1
4576,horses,1
4577,oiled,1
4578,horny,1
4579,horned,1
4580,hi,1
4581,highway,1
4582,overgrown,1
4583,highsecurity,1
4584,overheard,1
4585,overhearing,1
4586,overshadowed,1
4587,overtaking,1
4588,overtook,1
4589,owe,1
4590,hides,1
4591,hills,1
4592,hermlone,1
4593,owners,1
4594,hengist,1
4595,hem,1
4596,helplessly,1
4597,helmeted,1
4598,pacing,1
4599,helicopters,1
4600,heels,1
4601,hired,1
4602,hoggy,1
4603,hog,1
4604,otherwise,1
4605,hobby,1
4606,oughta,1
4607,hobbled,1
4608,hmmm,1
4609,hmm,1
4610,hitch,1
4611,pelted,1
4612,hint,1
4613,outlawed,1
4614,outlines,1
4615,outrage,1
4616,hinges,1
4617,outskirts,1
4618,hinge,1
4619,outstretched,1
4620,hind,1
4621,popkin,1
4622,poles,1
4623,politely,1
4624,politer,1
4625,gloomily,1
4626,globes,1
4627,pomftey,1
4628,pompously,1
4629,gloatingly,1
4630,poorer,1
4631,glittery,1
4632,glue,1
4633,popular,1
4634,porcupine,1
4635,pork,1
4636,porpington,1
4637,glistening,1
4638,glimpse,1
4639,glimmered,1
4640,pose,1
4641,positions,1
4642,pocus,1
4643,plenty,1
4644,pliable,1
4645,plotting,1
4646,plowed,1
4647,gorilla,1
4648,gorgons,1
4649,gordon,1
4650,pocketed,1
4651,goose,1
4652,positive,1
4653,pocuss,1
4654,goggle,1
4655,godric,1
4656,goblets,1
4657,pointy,1
4658,goat,1
4659,poisons,1
4660,poke,1
4661,glumly,1
4662,precisely,1
4663,pouring,1
4664,powders,1
4665,gazed,1
4666,gaze,1
4667,gawking,1
4668,ppose,1
4669,gawked,1
4670,practical,1
4671,gaunt,1
4672,praying,1
4673,poured,1
4674,gate,1
4675,prefer,1
4676,presenting,1
4677,gargoyles,1
4678,press,1
4679,gardens,1
4680,pressure,1
4681,garage,1
4682,gaps,1
4683,gibber,1
4684,positively,1
4685,glider,1
4686,gleefully,1
4687,gleamed,1
4688,gingerly,1
4689,giggled,1
4690,posters,1
4691,postman,1
4692,potato,1
4693,pleasure,1
4694,ghoulie,1
4695,potionmaking,1
4696,ghostie,1
4697,getups,1
4698,geroff,1
4699,pouch,1
4700,pounced,1
4701,gentleman,1
4702,gentle,1
4703,grinding,1
4704,pheasants,1
4705,phials,1
4706,groped,1
4707,phoenixes,1
4708,phone,1
4709,phoning,1
4710,groan,1
4711,gritted,1
4712,phyllida,1
4713,grips,1
4714,growing,1
4715,pickled,1
4716,pictures,1
4717,grim,1
4718,griffin,1
4719,pier,1
4720,pierced,1
4721,grief,1
4722,gregory,1
4723,pies,1
4724,grunt,1
4725,pelts,1
4726,guessing,1
4727,pep,1
4728,pepper,1
4729,guards,1
4730,peppermints,1
4731,percent,1
4732,guarded,1
4733,grunting,1
4734,greeting,1
4735,grunnion,1
4736,perform,1
4737,grumbled,1
4738,perks,1
4739,grudgingly,1
4740,personal,1
4741,personally,1
4742,growling,1
4743,petrificus,1
4744,gradually,1
4745,grasped,1
4746,planned,1
4747,grasp,1
4748,plants,1
4749,grappling,1
4750,granite,1
4751,grandfathers,1
4752,platters,1
4753,grand,1
4754,grasping,1
4755,grades,1
4756,grade,1
4757,playfully,1
4758,playin,1
4759,gown,1
4760,plays,1
4761,pleaded,1
4762,gossiped,1
4763,goshawk,1
4764,gred,1
4765,pigtails,1
4766,greeted,1
4767,greenhouses,1
4768,greenhouse,1
4769,greener,1
4770,greek,1
4771,pinched,1
4772,pineapple,1
4773,ping,1
4774,humberto,1
4775,greatness,1
4776,pinning,1
4777,pinpricks,1
4778,piped,1
4779,greasily,1
4780,pity,1
4781,grayish,1
4782,placed,1
4783,grassy,1
4784,mightn,1
4785,lets,1
4786,lessened,1
4787,meters,1
4788,lend,1
4789,legendary,1
4790,legend,1
4791,midst,1
4792,miffed,1
4793,leering,1
4794,ledgers,1
4795,messin,1
4796,lecturin,1
4797,milk,1
4798,milkman,1
4799,millicent,1
4800,mimblewimble,1
4801,lecture,1
4802,leaping,1
4803,minded,1
4804,lean,1
4805,lid,1
4806,mellow,1
4807,melt,1
4808,member,1
4809,memorize,1
4810,lifting,1
4811,mended,1
4812,lied,1
4813,lids,1
4814,mentionin,1
4815,leaking,1
4816,licorice,1
4817,merely,1
4818,meringue,1
4819,librarian,1
4820,liar,1
4821,li,1
4822,ley,1
4823,levi,1
4824,message,1
4825,lamps,1
4826,larger,1
4827,laps,1
4828,lanterns,1
4829,languages,1
4830,mm,1
4831,mmm,1
4832,moan,1
4833,lanes,1
4834,moans,1
4835,model,1
4836,mistletoe,1
4837,lamplike,1
4838,lamb,1
4839,lace,1
4840,mon,1
4841,knuckle,1
4842,knowledge,1
4843,monk,1
4844,knot,1
4845,monster,1
4846,laws,1
4847,minerva,1
4848,mingled,1
4849,minister,1
4850,leaked,1
4851,minuscule,1
4852,league,1
4853,leader,1
4854,miranda,1
4855,lazily,1
4856,lightest,1
4857,lawns,1
4858,lawn,1
4859,law,1
4860,misses,1
4861,mist,1
4862,mistaken,1
4863,mistakes,1
4864,largest,1
4865,misters,1
4866,mangled,1
4867,malcolm,1
4868,loose,1
4869,loopy,1
4870,loops,1
4871,loop,1
4872,looming,1
4873,loomed,1
4874,managing,1
4875,mandy,1
4876,longingly,1
4877,malade,1
4878,maniacs,1
4879,manner,1
4880,mantelpiece,1
4881,longing,1
4882,longest,1
4883,maple,1
4884,maps,1
4885,mar,1
4886,longed,1
4887,lover,1
4888,lurch,1
4889,lunged,1
4890,macdougal,1
4891,lumps,1
4892,lumbered,1
4893,lullaby,1
4894,luggage,1
4895,loyalties,1
4896,loyal,1
4897,marbles,1
4898,lovely,1
4899,louder,1
4900,majorca,1
4901,lotta,1
4902,maker,1
4903,makers,1
4904,loss,1
4905,makin,1
4906,lopsided,1
4907,meanin,1
4908,mauve,1
4909,lionfish,1
4910,lining,1
4911,maze,1
4912,lingering,1
4913,mcguffin,1
4914,mckinnons,1
4915,lingered,1
4916,linen,1
4917,meals,1
4918,mattress,1
4919,limping,1
4920,meantime,1
4921,limp,1
4922,likes,1
4923,likely,1
4924,lighting,1
4925,meddle,1
4926,meddlin,1
4927,meddling,1
4928,lizards,1
4929,march,1
4930,lonely,1
4931,locomotor,1
4932,local,1
4933,loathed,1
4934,marked,1
4935,loaded,1
4936,load,1
4937,lo,1
4938,knitting,1
4939,livid,1
4940,marshmallows,1
4941,littie,1
4942,mastered,1
4943,lisa,1
4944,liquids,1
4945,liquid,1
4946,math,1
4947,lipped,1
4948,increases,1
4949,injured,1
4950,newscaster,1
4951,newspapers,1
4952,newt,1
4953,information,1
4954,inform,1
4955,inferno,1
4956,infernal,1
4957,indoors,1
4958,incredibly,1
4959,inky,1
4960,including,1
4961,nightfall,1
4962,inched,1
4963,inch,1
4964,nights,1
4965,improvement,1
4966,impressively,1
4967,ninth,1
4968,nitwit,1
4969,neighbor,1
4970,necessary,1
4971,intently,1
4972,insultin,1
4973,insulted,1
4974,needin,1
4975,insult,1
4976,instruments,1
4977,instructions,1
4978,instinct,1
4979,nmat,1
4980,instantly,1
4981,inspector,1
4982,insisting,1
4983,insist,1
4984,net,1
4985,inscription,1
4986,nettles,1
4987,innocent,1
4988,nevertheless,1
4989,hunt,1
4990,hush,1
4991,nosie,1
4992,husband,1
4993,nosy,1
4994,hurts,1
4995,notable,1
4996,hurtling,1
4997,noted,1
4998,hurriedly,1
4999,hunting,1
5000,nosebleed,1
5001,notices,1
5002,nott,1
5003,november,1
5004,humor,1
5005,nudged,1
5006,humming,1
5007,numbly,1
5008,nurse,1
5009,nursed,1
5010,ignoring,1
5011,impress,1
5012,imprecise,1
5013,impatient,1
5014,immortal,1
5015,nof,1
5016,noiselessly,1
5017,image,1
5018,nonexplodable,1
5019,nonmagic,1
5020,interestinglooking,1
5021,nonstop,1
5022,nope,1
5023,idly,1
5024,identical,1
5025,id,1
5026,icing,1
5027,icicles,1
5028,hygienic,1
5029,hushing,1
5030,judge,1
5031,mounting,1
5032,kidney,1
5033,kicking,1
5034,katie,1
5035,justin,1
5036,jupiter,1
5037,jumpy,1
5038,movies,1
5039,juicy,1
5040,judging,1
5041,kids,1
5042,mud,1
5043,muddy,1
5044,muffins,1
5045,jot,1
5046,jokes,1
5047,mugs,1
5048,mugwump,1
5049,mule,1
5050,multilevel,1
5051,mostly,1
5052,knitted,1
5053,knickerbocker,1
5054,kit,1
5055,kissing,1
5056,morag,1
5057,kip,1
5058,kinds,1
5059,mortis,1
5060,mossy,1
5061,joining,1
5062,moth,1
5063,kindling,1
5064,mothers,1
5065,motion,1
5066,motionless,1
5067,kinda,1
5068,kills,1
5069,mounds,1
5070,killers,1
5071,nastier,1
5072,mystified,1
5073,jealousy,1
5074,nag,1
5075,jealous,1
5076,javelin,1
5077,nail,1
5078,nailed,1
5079,named,1
5080,narrowly,1
5081,mystery,1
5082,ivy,1
5083,isle,1
5084,nation,1
5085,ireland,1
5086,naturally,1
5087,investigations,1
5088,introduced,1
5089,international,1
5090,nearsighted,1
5091,jig,1
5092,mumbling,1
5093,mummy,1
5094,murmur,1
5095,jinxing,1
5096,muscle,1
5097,muscular,1
5098,jinx,1
5099,jigger,1
5100,mustached,1
5101,gaped,1
5102,musty,1
5103,mutely,1
5104,jewels,1
5105,jerking,1
5106,myseff,1
5107,jelly,1
5108,jell,1
5109,jeans,1
5110,mysteriously,1
5111,dwarf,1
5112,easiest,1
5113,earths,1
5114,earsplitting,1
5115,sensible,1
5116,earned,1
5117,separated,1
5118,separately,1
5119,separating,1
5120,earmuffs,1
5121,dyeing,1
5122,easter,1
5123,duties,1
5124,served,1
5125,service,1
5126,duster,1
5127,sets,1
5128,settled,1
5129,settling,1
5130,dusk,1
5131,dunderheads,1
5132,edges,1
5133,secrets,1
5134,element,1
5135,elastic,1
5136,ehru,1
5137,effect,1
5138,eerie,1
5139,eels,1
5140,edging,1
5141,seeming,1
5142,dunderhead,1
5143,seeping,1
5144,sees,1
5145,eclairs,1
5146,echoes,1
5147,seizing,1
5148,ebony,1
5149,selfish,1
5150,selfstirring,1
5151,sell,1
5152,sheet,1
5153,shapes,1
5154,drumming,1
5155,sharper,1
5156,drummed,1
5157,shaves,1
5158,druidess,1
5159,sheared,1
5160,shed,1
5161,sheep,1
5162,sheer,1
5163,shapeless,1
5164,droop,1
5165,shelling,1
5166,drooling,1
5167,sherry,1
5168,shhh,1
5169,drooled,1
5170,shields,1
5171,shifty,1
5172,shimmering,1
5173,dully,1
5174,dundee,1
5175,dumpy,1
5176,severe,1
5177,dumped,1
5178,dump,1
5179,dumbledorein,1
5180,shade,1
5181,dumbled,1
5182,dumbfounded,1
5183,secretly,1
5184,duffers,1
5185,duels,1
5186,due,1
5187,dudleykins,1
5188,duddydums,1
5189,shallows,1
5190,duddy,1
5191,shan,1
5192,ducks,1
5193,science,1
5194,scabby,1
5195,scamander,1
5196,scandal,1
5197,erm,1
5198,enviously,1
5199,entranced,1
5200,scene,1
5201,scented,1
5202,ensnaring,1
5203,enraged,1
5204,scabbets,1
5205,scissors,1
5206,scoop,1
5207,scooping,1
5208,scooted,1
5209,scoring,1
5210,scotch,1
5211,scowl,1
5212,enjoy,1
5213,scrabbling,1
5214,savage,1
5215,sandwich,1
5216,existed,1
5217,exhausted,1
5218,sapphires,1
5219,sardine,1
5220,excuses,1
5221,sauce,1
5222,exchanged,1
5223,exchange,1
5224,enid,1
5225,savaging,1
5226,exasperation,1
5227,exasperated,1
5228,saving,1
5229,examining,1
5230,exact,1
5231,evenings,1
5232,eve,1
5233,sc,1
5234,season,1
5235,scuffles,1
5236,scurried,1
5237,scurrying,1
5238,scuse,1
5239,emptier,1
5240,seal,1
5241,emerged,1
5242,embers,1
5243,searching,1
5244,seared,1
5245,scudding,1
5246,embedded,1
5247,seating,1
5248,seaweed,1
5249,sec,1
5250,elfric,1
5251,secondary,1
5252,eleventh,1
5253,elephant,1
5254,secretary,1
5255,endless,1
5256,engulfed,1
5257,scraped,1
5258,engraved,1
5259,scratch,1
5260,english,1
5261,scratchy,1
5262,scrawl,1
5263,scrawled,1
5264,enemy,1
5265,shinin,1
5266,ending,1
5267,ended,1
5268,encouraging,1
5269,enclosed,1
5270,enclose,1
5271,scribbling,1
5272,scroll,1
5273,scruff,1
5274,scruffs,1
5275,disappointment,1
5276,skipping,1
5277,skulking,1
5278,discovered,1
5279,slain,1
5280,slam,1
5281,discover,1
5282,disapprovingly,1
5283,slapping,1
5284,slay,1
5285,disapproving,1
5286,skipped,1
5287,disappointed,1
5288,sleepiness,1
5289,disappearing,1
5290,sleepless,1
5291,sleeps,1
5292,disappear,1
5293,disagree,1
5294,dirt,1
5295,slender,1
5296,sized,1
5297,distinctly,1
5298,sinks,1
5299,sipped,1
5300,displeased,1
5301,disliked,1
5302,dislike,1
5303,dishes,1
5304,dish,1
5305,discussion,1
5306,slice,1
5307,sizes,1
5308,sizing,1
5309,sizzling,1
5310,skidding,1
5311,skies,1
5312,discussing,1
5313,discuss,1
5314,skinnier,1
5315,skip,1
5316,smarter,1
5317,didnt,1
5318,dialing,1
5319,slugs,1
5320,dial,1
5321,slyly,1
5322,diagonally,1
5323,devon,1
5324,detest,1
5325,smarmy,1
5326,smarten,1
5327,slowing,1
5328,smartly,1
5329,destiny,1
5330,smashed,1
5331,smatter,1
5332,destined,1
5333,smelling,1
5334,smelly,1
5335,desktop,1
5336,deserves,1
5337,dinky,1
5338,directly,1
5339,directing,1
5340,slightest,1
5341,directed,1
5342,slimy,1
5343,slinking,1
5344,dinnertime,1
5345,slippers,1
5346,slippery,1
5347,distracted,1
5348,dining,1
5349,slits,1
5350,slope,1
5351,din,1
5352,sloping,1
5353,dimpled,1
5354,slotted,1
5355,slouched,1
5356,differently,1
5357,draught,1
5358,dreadlocks,1
5359,shoutin,1
5360,drawl,1
5361,shouts,1
5362,shove,1
5363,shoved,1
5364,shoveling,1
5365,drawback,1
5366,draw,1
5367,showers,1
5368,dreamily,1
5369,dratted,1
5370,dramatically,1
5371,shredded,1
5372,drain,1
5373,dragging,1
5374,shrieking,1
5375,drafty,1
5376,shrill,1
5377,shrilly,1
5378,drift,1
5379,drooble,1
5380,droned,1
5381,drone,1
5382,shivering,1
5383,driveway,1
5384,dripping,1
5385,drip,1
5386,shoo,1
5387,drifting,1
5388,shrink,1
5389,shore,1
5390,dribbling,1
5391,shortcut,1
5392,shortcuts,1
5393,shorter,1
5394,dress,1
5395,drenched,1
5396,drearns,1
5397,shoulda,1
5398,dividing,1
5399,dolphins,1
5400,doin,1
5401,doi,1
5402,silkily,1
5403,dogs,1
5404,dodges,1
5405,dodge,1
5406,similar,1
5407,simmering,1
5408,donkeys,1
5409,dives,1
5410,sin,1
5411,diversion,1
5412,sincerely,1
5413,dium,1
5414,dittany,1
5415,singled,1
5416,singsong,1
5417,sinister,1
5418,doubled,1
5419,shrinking,1
5420,drafts,1
5421,shrunk,1
5422,draconis,1
5423,downpour,1
5424,downfall,1
5425,doughnuts,1
5426,doughnut,1
5427,doubted,1
5428,existence,1
5429,dota,1
5430,dormice,1
5431,doorways,1
5432,doorpost,1
5433,lurched,1
5434,doorbell,1
5435,signature,1
5436,doom,1
5437,signs,1
5438,foreheads,1
5439,radish,1
5440,forevermore,1
5441,raged,1
5442,ragged,1
5443,rags,1
5444,railview,1
5445,railway,1
5446,foretold,1
5447,rainbow,1
5448,forests,1
5449,forge,1
5450,forecast,1
5451,raisins,1
5452,rammed,1
5453,forcing,1
5454,random,1
5455,forces,1
5456,ranting,1
5457,rapidly,1
5458,rapping,1
5459,quilt,1
5460,quentin,1
5461,freed,1
5462,freak,1
5463,frayed,1
5464,frantic,1
5465,fours,1
5466,fouls,1
5467,fouled,1
5468,fortunately,1
5469,footfalls,1
5470,quirtell,1
5471,foribidden,1
5472,forgot,1
5473,forgetting,1
5474,forgettin,1
5475,quiz,1
5476,forgets,1
5477,rabbitin,1
5478,forgetfulness,1
5479,flitting,1
5480,flop,1
5481,flooding,1
5482,flocks,1
5483,flocking,1
5484,flock,1
5485,reared,1
5486,reasonably,1
5487,flitwicles,1
5488,rebellions,1
5489,receive,1
5490,flourish,1
5491,receiver,1
5492,recited,1
5493,reciting,1
5494,flinging,1
5495,fling,1
5496,flinched,1
5497,flimsy,1
5498,recorded,1
5499,flies,1
5500,ravine,1
5501,rarely,1
5502,raspberry,1
5503,rasping,1
5504,football,1
5505,fondly,1
5506,rattle,1
5507,folks,1
5508,folds,1
5509,foghorn,1
5510,freedom,1
5511,raw,1
5512,flyin,1
5513,flump,1
5514,fluid,1
5515,fluff,1
5516,flowing,1
5517,readin,1
5518,flowered,1
5519,flow,1
5520,proudest,1
5521,promptly,1
5522,gales,1
5523,gains,1
5524,gain,1
5525,propped,1
5526,fussing,1
5527,protecting,1
5528,further,1
5529,protective,1
5530,furor,1
5531,promisin,1
5532,furniture,1
5533,prove,1
5534,proving,1
5535,provoked,1
5536,prowling,1
5537,prune,1
5538,ptolemy,1
5539,furling,1
5540,fur,1
5541,processor,1
5542,prevent,1
5543,prewetts,1
5544,price,1
5545,prickle,1
5546,prince,1
5547,gangling,1
5548,gamekeeping,1
5549,gambled,1
5550,galoshes,1
5551,funeral,1
5552,gallopin,1
5553,prodding,1
5554,produced,1
5555,produces,1
5556,galloped,1
5557,profit,1
5558,program,1
5559,programs,1
5560,galleon,1
5561,fried,1
5562,frowned,1
5563,frown,1
5564,frost,1
5565,pursed,1
5566,frightenin,1
5567,frighten,1
5568,fright,1
5569,fries,1
5570,friendship,1
5571,putted,1
5572,puppet,1
5573,puzzle,1
5574,puzzlement,1
5575,pythons,1
5576,fret,1
5577,quailed,1
5578,quarter,1
5579,freeze,1
5580,quaver,1
5581,queasy,1
5582,ful,1
5583,puddin,1
5584,fuming,1
5585,puddings,1
5586,puff,1
5587,puffed,1
5588,fumes,1
5589,fumbling,1
5590,fully,1
5591,fuller,1
5592,reddish,1
5593,pumpkins,1
5594,punch,1
5595,punched,1
5596,puncture,1
5597,punctures,1
5598,fruitcake,1
5599,punishing,1
5600,punishments,1
5601,froze,1
5602,rooting,1
5603,rocket,1
5604,rocketed,1
5605,rocks,1
5606,feels,1
5607,ronnie,1
5608,ronniekins,1
5609,favor,1
5610,fattenin,1
5611,fateful,1
5612,fastenings,1
5613,fences,1
5614,fastened,1
5615,rope,1
5616,fasten,1
5617,fashioned,1
5618,rot,1
5619,rotted,1
5620,fascinating,1
5621,fascinated,1
5622,route,1
5623,fie,1
5624,ringing,1
5625,filthy,1
5626,filling,1
5627,fill,1
5628,rippled,1
5629,figures,1
5630,risks,1
5631,risky,1
5632,rivers,1
5633,farther,1
5634,roaming,1
5635,fidgeted,1
5636,fiddling,1
5637,roars,1
5638,feverishly,1
5639,fetchin,1
5640,fetch,1
5641,festoons,1
5642,ferociously,1
5643,experience,1
5644,runnin,1
5645,fabulous,1
5646,eyeglasses,1
5647,sa,1
5648,sacrifices,1
5649,explosion,1
5650,exploding,1
5651,sadness,1
5652,explode,1
5653,experts,1
5654,fade,1
5655,safety,1
5656,expects,1
5657,sahara,1
5658,exits,1
5659,saintly,1
5660,saints,1
5661,saliva,1
5662,sallow,1
5663,sally,1
5664,ruefully,1
5665,rowboat,1
5666,rub,1
5667,rubbed,1
5668,rubber,1
5669,fancy,1
5670,fanatic,1
5671,fan,1
5672,rubies,1
5673,familiar,1
5674,ring,1
5675,faltered,1
5676,rugs,1
5677,faithfully,1
5678,ruins,1
5679,faithful,1
5680,rulebreaking,1
5681,rumbled,1
5682,rummaged,1
5683,rumor,1
5684,removed,1
5685,flashy,1
5686,flashing,1
5687,flap,1
5688,flanks,1
5689,remind,1
5690,flanked,1
5691,reminding,1
5692,flame,1
5693,remorse,1
5694,flailing,1
5695,remarkably,1
5696,flailed,1
5697,repair,1
5698,repaired,1
5699,flagged,1
5700,replaced,1
5701,replacing,1
5702,replied,1
5703,reply,1
5704,fixing,1
5705,flatter,1
5706,redheaded,1
5707,reeled,1
5708,ref,1
5709,flicking,1
5710,refereed,1
5711,referees,1
5712,flexible,1
5713,fletchley,1
5714,flattering,1
5715,reported,1
5716,refused,1
5717,refusing,1
5718,rejoice,1
5719,related,1
5720,relation,1
5721,relatives,1
5722,relaxed,1
5723,reliving,1
5724,remains,1
5725,finishing,1
5726,revenges,1
5727,firelight,1
5728,reward,1
5729,ribbon,1
5730,firecrackers,1
5731,rice,1
5732,firecracker,1
5733,rickety,1
5734,fir,1
5735,revenge,1
5736,riders,1
5737,fingertips,1
5738,ridgebacks,1
5739,finest,1
5740,riding,1
5741,riffraff,1
5742,rigged,1
5743,finch,1
5744,rigid,1
5745,responsible,1
5746,reports,1
5747,fixedly,1
5748,require,1
5749,rescued,1
5750,fix,1
5751,resident,1
5752,resist,1
5753,resolution,1
5754,respect,1
5755,deserved,1
5756,fishy,1
5757,restaurant,1
5758,rested,1
5759,resting,1
5760,restless,1
5761,firsthand,1
5762,retracing,1
5763,fireworks,1
5764,firework,1
